video_id,title,channel,published,views,likes,url,regular_eps,bonus_eps,n_episodes
BzIHyF7UWY4,Steven Seagal,ClangersTV,2020-03-16T19:19:44Z,9580647,176993.0,https://youtu.be/BzIHyF7UWY4,36,,1
OP86OnFGh6w,Chris Never Coming Back After This One...,Adam Friedland,2024-08-12T19:00:22Z,2590054,59807.0,https://youtu.be/OP86OnFGh6w,,,0
fvmBjhxpXwA,Bad Movies,ClangersTV,2020-08-08T19:45:00Z,2314432,36365.0,https://youtu.be/fvmBjhxpXwA,202;214,,2
nSG80yyxCUk,Ep 403 - Reverse Soccer Karate (feat. Nick Mullen & Adam Friedland),Matt and Shane's Secret Podcast,2022-07-20T22:03:16Z,2259495,27210.0,https://youtu.be/nSG80yyxCUk,,,0
467Vz6l-3uw,Liberal Elmo - CUMTOWN ANIMATED,saul,2022-03-03T14:47:17Z,2014068,50008.0,https://youtu.be/467Vz6l-3uw,274,,1
HNQjuFABgtY,Down to Earth,ClangersTV,2020-09-06T17:33:28Z,1868184,30642.0,https://youtu.be/HNQjuFABgtY,,198,1
XgEXnTILaiU,Ian Fidance,Steven Seagull,2021-06-04T17:32:58Z,1764463,12710.0,https://youtu.be/XgEXnTILaiU,,,0
UURf_6KI_Rk,Tucker Carlson | Cumtown,Cum Town Archive,2022-09-16T14:00:28Z,1729241,32527.0,https://youtu.be/UURf_6KI_Rk,,,0
qsEoVlWl1T0,Titanic,ClangersTV,2020-11-13T13:31:43Z,1644364,22695.0,https://youtu.be/qsEoVlWl1T0,33;59;144;199,,4
xJwODLnMPxc,Depressing Movies,ClangersTV,2020-01-19T05:05:14Z,1613908,29316.0,https://youtu.be/xJwODLnMPxc,29;93,,2
5Feg-AyTaDY,Stavvy's World #121 - Nick Mullen and Adam Friedland | Full Episode,Stavvy's World,2025-03-24T10:00:10Z,1589305,51303.0,https://youtu.be/5Feg-AyTaDY,,,0
WmkO2ZYE2oA,Steve Harvey at Nuremberg - CUMTOWN ANIMATED,saul,2022-09-01T11:19:12Z,1547863,39674.0,https://youtu.be/WmkO2ZYE2oA,,264,1
dzAO_Xr85Vc,The Boys talk about Trump,Steven Seagull,2021-03-02T00:07:07Z,1502975,11529.0,https://youtu.be/dzAO_Xr85Vc,,,0
eTrpk9ctX4E,Jordan Peterson | Cumtown,Cum Town Archive,2022-09-03T11:04:50Z,1471910,20211.0,https://youtu.be/eTrpk9ctX4E,,,0
r14ctDPfF20,Stephen King Movies,ClangersTV,2021-01-15T22:12:59Z,1443102,20154.0,https://youtu.be/r14ctDPfF20,53;57;135,,3
do3YCMYw0E0,The Way Back,ClangersTV,2020-09-30T09:58:45Z,1352331,18683.0,https://youtu.be/do3YCMYw0E0,,187,1
Lkqu1TDvxFQ,The Bit that Broke Nick - CUMTOWN ANIMATED,saul,2022-05-14T15:21:47Z,1328861,20008.0,https://youtu.be/Lkqu1TDvxFQ,,,0
HP3fEg3LmcA,Nicks thoughts on The Joker,Steven Seagull,2021-04-04T06:48:04Z,1274588,10380.0,https://youtu.be/HP3fEg3LmcA,,,0
oM4vanudcNs,The Irishman,ClangersTV,2021-02-09T07:35:39Z,1260503,19082.0,https://youtu.be/oM4vanudcNs,181,,1
uVFP40yyG6I,Con Air,ClangersTV,2021-06-10T19:09:48Z,1202236,17336.0,https://youtu.be/uVFP40yyG6I,17;55;103;135;203,,5
H1GLlmTUcc0,A Time to Kill,ClangersTV,2021-07-26T16:18:19Z,1196897,15721.0,https://youtu.be/H1GLlmTUcc0,,232,1
cu7LRoY3bIQ,Nick Riffing on Andrew Yang,Steven Seagull,2021-02-18T23:22:16Z,1190142,9050.0,https://youtu.be/cu7LRoY3bIQ,,,0
qqDWJHNsTYQ,Cumtown | Nick's Indian Guy,CoomToon,2022-06-10T19:00:12Z,1177373,8398.0,https://youtu.be/qqDWJHNsTYQ,,,0
rbdNMOSfz-0,Eric Clapton - Cumtown Podcast,Undisputed Top Ten,2022-04-26T17:19:49Z,1157593,10611.0,https://youtu.be/rbdNMOSfz-0,,,0
be_htklbyxo,Cum Town - Gay actor Michael Douglas Compilation,Asian Fidance,2020-08-27T20:58:04Z,1148819,11399.0,https://youtu.be/be_htklbyxo,,,0
z9k9wauFXw8,Cum Town - The Departed,Spermany,2018-12-24T15:28:11Z,1141327,12842.0,https://youtu.be/z9k9wauFXw8,,86,1
2i-QKWvMWKA,Fiveish,ClangersTV,2020-01-29T11:54:31Z,1130135,21922.0,https://youtu.be/2i-QKWvMWKA,,,0
yBQgmw7tCjo,"A ""Special"" Compilation",Dudes Rock,2021-12-07T02:02:55Z,1099279,8999.0,https://youtu.be/yBQgmw7tCjo,,,0
l2eZhtS11D4,Whole foods bigotry,Nick Mullen,2016-04-22T20:36:42Z,1091554,45456.0,https://youtu.be/l2eZhtS11D4,,,0
q8-akeGkPg0,Chasing Cameron,ClangersTV,2020-06-26T05:28:24Z,1065296,15164.0,https://youtu.be/q8-akeGkPg0,34,17,2
_gwrE9BvXjQ,SPAWN,ClangersTV,2020-05-26T13:00:24Z,1063125,17434.0,https://youtu.be/_gwrE9BvXjQ,61,,1
pkSYR9HSmfw,The Costco Free Sample Debate,Steven Seagull,2021-05-01T22:27:20Z,1062759,13599.0,https://youtu.be/pkSYR9HSmfw,,,0
0byS0OwP8s0,Commissioner Gordan - CTown Podcast,Sleepy Boys,2023-02-06T14:00:01Z,1054312,10351.0,https://youtu.be/0byS0OwP8s0,,,0
qMrzK3fN5hI,Derek Chauvins Trial | CMTOWN ANIMATED,saul,2025-08-17T17:19:46Z,1032888,25214.0,https://youtu.be/qMrzK3fN5hI,253,,1
VR3o-qoE7P0,Nicks thoughts on Star Wars,Steven Seagull,2021-03-18T23:18:54Z,1030273,8374.0,https://youtu.be/VR3o-qoE7P0,,,0
ZB1X6_amBI8,Batman Begins,ClangersTV,2020-06-08T02:56:26Z,1026684,20033.0,https://youtu.be/ZB1X6_amBI8,,180,1
zDF_Ncv1C34,Bad Kids - Cumtown,Sleepy Boys,2023-02-04T14:00:43Z,1015930,9367.0,https://youtu.be/zDF_Ncv1C34,,,0
sGH-ro8Xra0,Incel Sebastian- Cumtown,Sleepy Boys,2023-02-08T14:00:35Z,1000468,9164.0,https://youtu.be/sGH-ro8Xra0,151,,1
tljMLMxil2M,Cumtown Animated: Adam tells one of his best train stories yet,dinosaur club,2022-03-04T07:00:15Z,988390,31055.0,https://youtu.be/tljMLMxil2M,,259,1
zJs_2-AFCHY,Ben Shapiro and Mr Feeny,Sleepy Boys,2023-01-29T22:20:43Z,983136,9985.0,https://youtu.be/zJs_2-AFCHY,,,0
M5z_Y8sLhkw,Rain Man,ClangersTV,2020-04-05T15:00:08Z,982531,21326.0,https://youtu.be/M5z_Y8sLhkw,98,162,2
-YlLyVQkAVQ,Nick's Roommates,Steven Seagull,2021-04-01T21:05:08Z,952123,8443.0,https://youtu.be/-YlLyVQkAVQ,,,0
wMuTuThcXEE,The Simpsons Supercut,Dudes Rock,2021-12-05T16:43:56Z,950236,9019.0,https://youtu.be/wMuTuThcXEE,,,0
KzsjCc9F8GM,The guys joke about Seinfeld,Steven Seagull,2021-07-22T01:43:37Z,936110,8034.0,https://youtu.be/KzsjCc9F8GM,,,0
UPO33qvFsWo,Theo Asks Stavros Why “C*m Town” Ended,Theo Von Clips,2023-04-14T20:10:56Z,910795,10535.0,https://youtu.be/UPO33qvFsWo,,,0
4qyMbGMsF6c,Stav's Doctor - CUMTOWN ANIMATED,saul,2023-05-21T15:56:00Z,880126,13816.0,https://youtu.be/4qyMbGMsF6c,,144,1
-7C1rNwPZAI,Power Rangers,ClangersTV,2021-06-09T18:38:07Z,858163,13527.0,https://youtu.be/-7C1rNwPZAI,33;55,,2
vocr3etlSaA,Shane's favorite Nick Mullen joke,realexkav,2023-04-19T23:14:58Z,852245,9722.0,https://youtu.be/vocr3etlSaA,439,,1
VIDKB1paYYY,Cumtown | Italians,Esoterio,2021-12-31T04:42:08Z,851214,9788.0,https://youtu.be/VIDKB1paYYY,,,0
SRwL5ZMQsa0,Mullen's adulthood rant,HeCum CuzHeKnow,2017-03-10T21:58:30Z,822803,14096.0,https://youtu.be/SRwL5ZMQsa0,,,0
NteYuzeIkt4,Stav Actually Gets Mad at Nick | CMTOWN ANIMATED,saul,2023-11-26T18:35:31Z,805427,13059.0,https://youtu.be/NteYuzeIkt4,,,0
V9ddrRO29VM,SP Problems - The Adam Friedland Show,Sleepy Boys,2023-01-30T22:47:45Z,801493,4457.0,https://youtu.be/V9ddrRO29VM,,,0
9mf2kb5D6kU,The Wire,ClangersTV,2020-08-28T08:41:21Z,800180,10196.0,https://youtu.be/9mf2kb5D6kU,18;60,,2
LLu4kUk5d6o,Of Mice and Men,ClangersTV,2020-07-11T21:11:32Z,794719,15885.0,https://youtu.be/LLu4kUk5d6o,75;125,19,3
8rvXidnFonc,Nick Mullen - Red Eye,ClangersTV,2021-09-08T16:03:21Z,792199,11197.0,https://youtu.be/8rvXidnFonc,111;172,,2
Vc6lY8xmdOw,The Matrix Renegotiated,ClangersTV,2024-02-16T19:04:18Z,777765,9920.0,https://youtu.be/Vc6lY8xmdOw,193,,1
c1vxs1Xrxsg,Nick Mullen vs Hollywood Pedophilia (The COMPLETE Coke-Fueled Binge),Elon Bust,2019-02-07T11:36:35Z,774033,10608.0,https://youtu.be/c1vxs1Xrxsg,77,57;58;59,4
tZIVeBC8ydM,Vending Machine Operation - CUMTOWN ANIMATED,saul,2022-04-09T07:24:29Z,771987,15082.0,https://youtu.be/tZIVeBC8ydM,179,,1
Dgm1VtfsI48,Disability Movies,ClangersTV,2020-02-14T20:10:42Z,767464,11971.0,https://youtu.be/Dgm1VtfsI48,5,,1
1lB-82YEmUQ,Nick's Chinatown Apartment,Steven Seagull,2021-03-29T04:23:42Z,744192,8460.0,https://youtu.be/1lB-82YEmUQ,,,0
GgdXdAs-cV0,Nicks Call Center Stories | CMTOWN ANIMATED,saul,2025-01-26T18:11:53Z,729923,14013.0,https://youtu.be/GgdXdAs-cV0,59,,1
NXrKH2atr4M,The Accountant,ClangersTV,2021-09-13T19:05:57Z,722820,10711.0,https://youtu.be/NXrKH2atr4M,,,0
T3BYYjbdFzE,Seagal on SNL,ClangersTV,2021-08-05T20:47:04Z,719295,9937.0,https://youtu.be/T3BYYjbdFzE,78,,1
tPsBztxt8oE,Nigerian Shark Tank - CUMTOWN ANIMATED,saul,2022-09-08T18:06:10Z,716968,15139.0,https://youtu.be/tPsBztxt8oE,126,,1
s-cKUkxxheU,Jordan Peterson's Hottest Take - CUMTOWN ANIMATED,saul,2022-04-16T20:45:04Z,713054,23881.0,https://youtu.be/s-cKUkxxheU,113,,1
I49ec95gV_g,Cum Town - Iliza Shlesinger,Spermany,2019-01-16T17:15:00Z,709040,8085.0,https://youtu.be/I49ec95gV_g,,40,1
4dgnlL6vrQc,Kramer Apology,ClangersTV,2019-07-02T05:37:31Z,707785,11448.0,https://youtu.be/4dgnlL6vrQc,79,,1
ZcprB4ZO8A8,Lifetime Movies,ClangersTV,2023-07-10T00:43:10Z,704675,9823.0,https://youtu.be/ZcprB4ZO8A8,2,,1
7Z288RfKNa4,Cumtown - Stav Being Fat (COMPILATION!!!),Thousand Island Stare,2021-10-06T16:10:39Z,683921,5958.0,https://youtu.be/7Z288RfKNa4,,,0
pw4-3VXwxJk,Chatterbox (69.9 FM The Bust Nouveau),Raptor Johnny,2026-02-25T21:50:01Z,668513,784.0,https://youtu.be/pw4-3VXwxJk,,,0
A9fdz19a3TM,The Bridge on the River Kwai Commentary,ClangersTV,2019-08-28T17:57:11Z,667415,8969.0,https://youtu.be/A9fdz19a3TM,,63,1
GOhL6Yvvgdw,Cum Town - Nick Almost Saying the Gamer Word Compilation (Part 1) (Re-upload),Asian Fidance,2020-09-21T13:57:38Z,661778,6851.0,https://youtu.be/GOhL6Yvvgdw,28;29;30;73;81;87;91;96;102;106;108;109;110;129;130;132;138;140;146;148;165;179;182;183;185,63;96;125;128;130;143;144;163;165,34
mop4PQzHQdE,cumtown eps for the mentally challenged,GhostBanana 2,2023-04-11T14:31:38Z,657916,4431.0,https://youtu.be/mop4PQzHQdE,,,0
IH-7xKFilbs,Cum Town - Matilda Hates Nick,Spermany,2018-12-21T19:57:52Z,653074,7584.0,https://youtu.be/IH-7xKFilbs,8;120,,2
IzyMZtypT2w,Star Trek,ClangersTV,2021-01-27T09:50:22Z,652252,10715.0,https://youtu.be/IzyMZtypT2w,17;42,,2
2zGNkBllq4E,Adam Finally Confronts Dasha | The Adam Friedland Show,Cum Town Archive,2022-09-20T08:09:12Z,650733,8249.0,https://youtu.be/2zGNkBllq4E,,,0
IRRmU6lW5p0,Pool Safety,ClangersTV,2019-07-08T02:17:10Z,643018,28581.0,https://youtu.be/IRRmU6lW5p0,8,,1
WqvvaJRSlvc,"Cum Town - How Nick Lost $38,000 in Crypto",Spermany,2019-02-10T18:00:06Z,639451,7510.0,https://youtu.be/WqvvaJRSlvc,124;127,76;102;107;110;112;115;117,9
vLbbwaX7EpM,Nut City - Mr. Halkias's Medical Professional,Asian Fidance,2020-07-12T04:58:54Z,639181,7823.0,https://youtu.be/vLbbwaX7EpM,,,0
2vabBklh3mI,Cum Town - Cool Adam,Spermany,2019-01-18T17:30:04Z,634559,8639.0,https://youtu.be/2vabBklh3mI,138,,1
2NTp6Jqvs6M,Forrest Gump is a Bad Movie - CMTOWN ANIMATED,saul,2023-12-17T18:38:49Z,633406,12933.0,https://youtu.be/2NTp6Jqvs6M,168,,1
MNv-p3FA4gs,Jeff Goldblum on Family Feud | CMTOWN ANIMATED,saul,2024-08-18T18:56:09Z,632892,16209.0,https://youtu.be/MNv-p3FA4gs,224,,1
9-KmXP_ApMY,Cum Town - When Nick Met Emma Watson,Spermany,2019-01-09T17:30:00Z,631227,7005.0,https://youtu.be/9-KmXP_ApMY,27,25,2
qfHX71256RQ,"Nick Mullen, Stavros Halkias, Adam Friedland and the trial of Derek Chauvin",Crumb Town,2025-01-21T21:49:50Z,625027,8889.0,https://youtu.be/qfHX71256RQ,,,0
YKxcZt0sRJg,Cumtown - Delorean Toyota,Thousand Island Stare,2021-09-05T20:42:40Z,623514,8194.0,https://youtu.be/YKxcZt0sRJg,,,0
TFumiybmVqE,CUMTOWN - The Story of Chris Chan by Nick Mullen,Comedy Podcast Gold,2018-05-23T01:17:03Z,623167,12726.0,https://youtu.be/TFumiybmVqE,,,0
aVXiXn8Oec8,Cumtown - Nick Mullen on Jordan Peterson,Comedy Podcast Gold,2018-05-22T23:02:45Z,612213,10360.0,https://youtu.be/aVXiXn8Oec8,,,0
V4aaUM1fHJY,Tony Soprano Will Never Find Love | CMTOWN ANIMATED,saul,2024-01-21T18:28:02Z,606862,14559.0,https://youtu.be/V4aaUM1fHJY,157,,1
GSAtrUx3ecI,Cum Town - African Guy Mega Compilation (REMASTERED),Asian Fidance,2020-09-17T10:14:11Z,604758,8467.0,https://youtu.be/GSAtrUx3ecI,8,,1
B1JLQejjiu8,The Tutoring Grift,The Future Files,2021-12-31T18:40:29Z,603343,10573.0,https://youtu.be/B1JLQejjiu8,,,0
OCOkIf1YrEY,Cum Town - Paying Respect to Hebraic Culture Compilation (Part 1),Asian Fidance,2020-11-01T15:00:04Z,603019,6014.0,https://youtu.be/OCOkIf1YrEY,,,0
fJ1drqeJzK4,Cum Town - Nick Almost Saying the Gamer Word (Part 2)(Re-upload),Asian Fidance,2020-09-30T20:00:10Z,602090,5964.0,https://youtu.be/fJ1drqeJzK4,,,0
EbpJP5TWKxU,Nick's Truck Job,Steven Seagull,2021-08-05T17:09:06Z,600653,7410.0,https://youtu.be/EbpJP5TWKxU,,,0
7DV7fIKsuXE,Cum Town - Seth Cockfield calls out Nick Mullen on Facebook (VISUAL),Elon Bust,2019-02-08T23:39:39Z,600101,6313.0,https://youtu.be/7DV7fIKsuXE,17,,1
vAdMIOoPm5A,Independence Day: Resurgence,ClangersTV,2019-07-09T00:54:06Z,599179,8600.0,https://youtu.be/vAdMIOoPm5A,27,,1
3uVN-8krA1I,Indian Sopranos,The Future Files,2022-01-06T09:44:57Z,592364,11635.0,https://youtu.be/3uVN-8krA1I,,,0
TBnryGbajdE,Cum Town - Random Task,Spermany,2019-01-03T17:31:18Z,591913,8886.0,https://youtu.be/TBnryGbajdE,,115,1
9qJiOZIkejw,The Argument at Rite Aid | CMTOWN ANIMATED,saul,2025-03-30T17:24:45Z,589982,11690.0,https://youtu.be/9qJiOZIkejw,,,0
64XUk84Nya8,Cumtown - The Twilight Zone,JCxVONxDOOM,2021-07-13T23:54:11Z,587480,6865.0,https://youtu.be/64XUk84Nya8,267,,1
pHu6HMcpIeQ,The Strange Thing About The Johnsons,ClangersTV,2020-03-02T22:25:06Z,586692,13376.0,https://youtu.be/pHu6HMcpIeQ,106,,1
VFs8Ofj_01Q,Pandanese - Cumtown,Sleepy Boys,2023-02-03T10:43:03Z,582667,3386.0,https://youtu.be/VFs8Ofj_01Q,,,0
xe8STUnEzwg,The Adam Friedland Show - Nick Mullen changes costume #TAFS #Cumtown #comedy #funny #standup #memes,Good Catholic Fun,2022-08-30T16:17:44Z,580757,15619.0,https://youtu.be/xe8STUnEzwg,,,0
FYOspe8XIo0,Cumtown - Stavs Breakfast Sandwhich FREAKOUT,Thousand Island Stare,2021-09-20T21:06:41Z,573854,8512.0,https://youtu.be/FYOspe8XIo0,,,0
lmPBD20RBPc,Coke Town,Dudes Rock,2023-12-17T01:37:31Z,571149,5591.0,https://youtu.be/lmPBD20RBPc,,,0
9KRe08n0d3o,American Factory,ClangersTV,2020-02-13T06:55:34Z,571041,13452.0,https://youtu.be/9KRe08n0d3o,191,,1
EEyWnjCCC5I,Matthew McConaughey's Autobiography | Nick Mullen Review,Town Manager,2022-09-19T16:07:56Z,567712,7102.0,https://youtu.be/EEyWnjCCC5I,,220,1
Hk4VridW0MI,X-Men | CMTOWN ANIMATED,saul,2025-02-16T17:42:21Z,567124,10861.0,https://youtu.be/Hk4VridW0MI,151,,1
8kOhoKi5Fro,Workplace Gossip | CMTOWN ANIMATED,saul,2023-12-10T18:03:09Z,561196,10844.0,https://youtu.be/8kOhoKi5Fro,171,,1
XTUud-Fe-Bk,Fluke,ClangersTV,2021-12-26T22:23:44Z,556674,10206.0,https://youtu.be/XTUud-Fe-Bk,,,0
ZvVhCCWPgaI,Cum Town - Woke Italian Mobsters,Erudite,2020-03-19T09:34:15Z,555613,15436.0,https://youtu.be/ZvVhCCWPgaI,,,0
jqiC2qGHrFw,Cum Town - Nanette,Spermany,2019-01-02T17:30:03Z,552228,4784.0,https://youtu.be/jqiC2qGHrFw,110;114,,2
oSBILu7CwJs,Breakdown,ClangersTV,2020-10-29T13:12:05Z,550836,9049.0,https://youtu.be/oSBILu7CwJs,208,,1
otErKRNcebM,Cumtown | School Teachers,Esoterio,2021-12-18T03:56:15Z,550001,5102.0,https://youtu.be/otErKRNcebM,,8,1
S_M2Q3gDces,Ben Shapiro - Cumtown Podcast,Undisputed Top Ten,2022-04-27T17:24:34Z,542019,5280.0,https://youtu.be/S_M2Q3gDces,,,0
Pjr6NXAYyW4,Cum Town - Making Fun of Ian Behind His Back,Spermany,2019-02-13T18:00:03Z,535232,4847.0,https://youtu.be/Pjr6NXAYyW4,,6;68;75;87;107;109;114;120;121,9
-p0kwWYYa_g,The Confessions of Saint Augustine,Town Manager,2022-07-02T19:55:12Z,534322,8905.0,https://youtu.be/-p0kwWYYa_g,237,,1
UsiI2YCyxP0,Homer Simpson gets Red Pilled - CUMTOWN ANIMATED,saul,2023-05-04T22:50:49Z,531979,12403.0,https://youtu.be/UsiI2YCyxP0,52,,1
NNe2L9l1Vr0,Liam Neeson's Rage | Cumtown,Webisu,2021-07-10T00:30:06Z,528639,6336.0,https://youtu.be/NNe2L9l1Vr0,,,0
Ek0ONogCmDg,Cum Town - Adam's Lyft Ride With a Feminist Podcaster,Spermany,2020-09-28T00:30:04Z,526070,10277.0,https://youtu.be/Ek0ONogCmDg,47,31;46;62;70,5
1bNmD6KmZmM,Bill Cosby The Holocaust Denier | CMTOWN ANIMATED,saul,2024-07-07T16:30:39Z,507121,12870.0,https://youtu.be/1bNmD6KmZmM,150,,1
tOnlJ_3SkTc,The Wizard's Curse - CUMTOWN ANIMATED,saul,2023-02-09T19:15:07Z,502325,8982.0,https://youtu.be/tOnlJ_3SkTc,128,,1
W_5nuAZzKtI,Cum Town - Nigerian Shark Tank,Bheemoth,2018-10-26T05:21:55Z,501270,7307.0,https://youtu.be/W_5nuAZzKtI,,,0
H3GpNHKn6jk,Nick Mullen endorses Zohran Mamdani for NYC Mayor,Town Manager,2025-06-23T23:48:30Z,500049,23523.0,https://youtu.be/H3GpNHKn6jk,,,0
FUl6QKW4Qe4,Stavros Halkias: Too Fat For Teeth,Steven Seagull,2021-01-30T10:12:22Z,497248,4329.0,https://youtu.be/FUl6QKW4Qe4,,,0
xGKamIs6jXM,Saw Film Review | Cumtown,Cum Town Archive,2022-09-14T14:30:13Z,495165,6874.0,https://youtu.be/xGKamIs6jXM,,,0
Brt8uS1M1LQ,Cum Town - How Nick Lost a Superbowl Ad,Spermany,2018-12-08T20:49:29Z,492498,6716.0,https://youtu.be/Brt8uS1M1LQ,,75;87;99,3
8wGCPoTO_HY,Cum Town - Irwin in Prison,Spermany,2018-12-22T20:27:15Z,491483,5370.0,https://youtu.be/8wGCPoTO_HY,,90,1
IzfnFDATE08,Nick Lives in the Garage,Sleepy Boys,2023-02-05T04:31:18Z,490393,3345.0,https://youtu.be/IzfnFDATE08,191,,1
Q4dUakk8sFk,Flirting in the Bathroom w/ Cruisin' Joe List | CMTOWN ANIMATED,saul,2025-06-01T16:43:06Z,487118,9140.0,https://youtu.be/Q4dUakk8sFk,216,,1
9EwoHzF7S7w,Nick Mullen & Adam Friedland blacklisted from Hollywood👁☄️ #theadamfriedlandshow,TAFSpod🌸,2023-11-02T20:09:32Z,484613,14780.0,https://youtu.be/9EwoHzF7S7w,,,0
WoIAcmnn7ug,"This is an Actual Threat, this is not a joke, I'm gonna do it | CMTOWN ANIMATED",saul,2025-06-29T17:08:58Z,481449,13447.0,https://youtu.be/WoIAcmnn7ug,30,,1
8atUKc9o5tk,Atticus Mullen,Chadam Friedland,2024-01-15T18:00:06Z,477468,5432.0,https://youtu.be/8atUKc9o5tk,,,0
gbfzHJwFvaA,Cum Town - Charlie Sheen,pwnage.exe,2017-12-01T04:49:05Z,476634,7371.0,https://youtu.be/gbfzHJwFvaA,,,0
KRG1FabFSjI,The Simpsons / We're Back,ClangersTV,2020-08-19T16:44:17Z,470661,8450.0,https://youtu.be/KRG1FabFSjI,,,0
tE32ABA2Kco,Cum Town - Claire's 6AM Olympics Party,Spermany,2019-01-07T17:30:36Z,469903,5723.0,https://youtu.be/tE32ABA2Kco,89,,1
b5YMh8w6ENM,Cum Town - Nick and Stav Imitating Adam's Voice Compilation (Remastered),Asian Fidance,2020-09-30T16:45:01Z,468942,4479.0,https://youtu.be/b5YMh8w6ENM,,,0
0xiglPS5sBE,Jefftowne,ClangersTV,2020-02-23T03:19:05Z,467812,9910.0,https://youtu.be/0xiglPS5sBE,18,,1
snsHhdfkxI8,Cum Town - Tony Soprano and Pepper Ann.,Asian Fidance,2020-09-06T15:00:21Z,462774,7169.0,https://youtu.be/snsHhdfkxI8,,,0
LKROsTMhwqM,Rice President | CMTOWN ANIMATED,saul,2024-05-26T18:08:38Z,461336,10569.0,https://youtu.be/LKROsTMhwqM,,,0
FVZtczO8gwk,Cum Town - Tucker Carlson (Re-upload),Asian Fidance,2020-10-21T19:55:48Z,459977,5764.0,https://youtu.be/FVZtczO8gwk,,,0
xuFntB03BN4,The Score,ClangersTV,2020-04-21T06:38:28Z,452340,7307.0,https://youtu.be/xuFntB03BN4,37,,1
mE7avUXCEdQ,Cum Town - Jon Hamm,Spermany,2018-12-14T21:01:45Z,451995,5906.0,https://youtu.be/mE7avUXCEdQ,99;113,101,3
1D-x2F9PUMQ,That one woman at Costco | CMTOWN ANIMATED,saul,2024-10-13T15:20:38Z,451059,11402.0,https://youtu.be/1D-x2F9PUMQ,147,,1
ScqLzc-p9Lg,Cum Town - Batman Animated Series,ClangersTV,2020-07-02T16:38:43Z,450011,11524.0,https://youtu.be/ScqLzc-p9Lg,,152,1
FbJ71z34Lro,Chinese Obama,ClangersTV,2019-12-12T13:47:09Z,447879,10858.0,https://youtu.be/FbJ71z34Lro,18,,1
4RcRl5w9JW4,Nick's Dating life,Dudes Rock,2022-01-03T18:40:29Z,446149,5005.0,https://youtu.be/4RcRl5w9JW4,,,0
ohRaenv00TU,Titanic Revisited,ClangersTV,2023-01-29T18:54:25Z,441816,6934.0,https://youtu.be/ohRaenv00TU,302,,1
FInartPAvV0,Big Dick Nick Rips on Virgins,James Patrick,2018-06-02T05:44:53Z,439582,5470.0,https://youtu.be/FInartPAvV0,,,0
Arw4KlfxHrs,Stavbot,Sadtape,2018-09-12T14:27:42Z,439527,15698.0,https://youtu.be/Arw4KlfxHrs,,,0
iWyvDisJSJg,Adam's Take On Israel - CUMTOWN ANIMATED,saul,2022-02-08T22:43:43Z,438729,7827.0,https://youtu.be/iWyvDisJSJg,259,,1
WDiRJZC1yTA,Cum Town - Nick's Date With an Autistic Girl,Spermany,2019-02-20T17:30:00Z,436099,6086.0,https://youtu.be/WDiRJZC1yTA,,97,1
dWRhO93q2Ns,Katt Williams as Meatwad | CMTOWN ANIMATED,saul,2025-01-12T18:41:23Z,434368,15081.0,https://youtu.be/dWRhO93q2Ns,46,,1
bnbgTKaIZoI,CumTown | Nick's Cool Dad Garage Life,Best Friends Compilations,2023-10-24T06:51:58Z,432612,5965.0,https://youtu.be/bnbgTKaIZoI,134,,1
aEdc1v2h_Pg,Reddit,Dudes Rock,2024-06-20T20:02:22Z,424334,4263.0,https://youtu.be/aEdc1v2h_Pg,,,0
oRv-_jEjqCY,Cum Town | Greatest Hits,Dap Picklin,2022-07-15T04:44:05Z,421078,5901.0,https://youtu.be/oRv-_jEjqCY,,,0
LIEcBJPBA80,Inappropriate Question,The Future Files,2023-02-08T20:00:11Z,420765,10570.0,https://youtu.be/LIEcBJPBA80,,,0
TsIBp9ye7Dw,Cum Town - “Random” Kevin,Spermany,2019-01-08T17:30:01Z,420599,5071.0,https://youtu.be/TsIBp9ye7Dw,,5;13,2
5JuGbcBinVQ,The Worst Way To Die | CMTOWN ANIMATED,saul,2024-11-24T18:26:57Z,417995,9904.0,https://youtu.be/5JuGbcBinVQ,,118,1
xWBXO02lLCs,Cumtown - The World's Worst Comedian,Cum Fred Town Edit,2023-01-04T13:00:36Z,417807,4431.0,https://youtu.be/xWBXO02lLCs,,,0
yzcyEmoJIFc,Genesis,Dudes Rock,2023-04-30T16:06:46Z,417117,3352.0,https://youtu.be/yzcyEmoJIFc,,,0
4BSKzFHwMN0,That Cringe CIA Recruitment Ad | CUMTOWN ANIMATED,saul,2023-10-01T15:31:52Z,413950,8166.0,https://youtu.be/4BSKzFHwMN0,,,0
8zZ8OvkH6LM,Cum Town - Woke Corporations (Re-upload),Asian Fidance,2020-10-14T17:05:59Z,410658,5332.0,https://youtu.be/8zZ8OvkH6LM,,,0
v6KWSBgGHf0,Cum Town - Fat Air Marshal,Spermany,2019-01-06T17:30:00Z,410172,6413.0,https://youtu.be/v6KWSBgGHf0,127,,1
iJKaHRwvQi0,Native American Folklore | Cumtown,Webisu,2021-07-03T00:30:05Z,407789,5281.0,https://youtu.be/iJKaHRwvQi0,,242,1
yCwFyWREicI,Racism In Star Wars - CUMTOWN ANIMATED,saul,2022-10-27T15:35:23Z,407682,8677.0,https://youtu.be/yCwFyWREicI,7,,1
hCfZwrve4bE,Jeff Goldblum - Cumtown Podcast,Undisputed Top Ten,2022-05-10T16:41:42Z,406610,4394.0,https://youtu.be/hCfZwrve4bE,,,0
DMfOU0EKMxA,Texas Holocaust Museum | CMTOWN ANIMATED,saul,2024-09-15T17:50:10Z,405092,8969.0,https://youtu.be/DMfOU0EKMxA,,253,1
WeL0AzMdGBc,Cum Town Premium: The Gerby Gomo Super Episode (Bonus 56),Tube Angel,2018-07-09T01:03:01Z,403715,1817.0,https://youtu.be/WeL0AzMdGBc,,56,1
s7kZjYx9rI0,Cum Town - Adam vs Chelsea Clinton,Spermany,2019-02-14T21:05:01Z,400757,6111.0,https://youtu.be/s7kZjYx9rI0,142,,1
l7Rlrq-q8bY,Cumtown - Nicks Days at Gamestop,Crackle In Time,2017-11-29T08:39:53Z,400433,5628.0,https://youtu.be/l7Rlrq-q8bY,,,0
PVxbWXjd5iU,CumTown Nick Mullen - Crowd Work St Judes Childrens Hospital with Stavros Halkias & Adam Friedland,The Mchenry Man Show,2022-01-25T01:27:52Z,400323,4790.0,https://youtu.be/PVxbWXjd5iU,,,0
WinFh-Nx2Pw,Biden Says The Twitch Word | CUMTOWN ANIMATED,saul,2023-10-16T15:33:20Z,398553,9000.0,https://youtu.be/WinFh-Nx2Pw,,223,1
XXlUCuCkGV0,Nick Mullen on The Roganverse | The Best of Nick Mullen,Cum Town Archive,2025-08-27T17:00:48Z,390303,5676.0,https://youtu.be/XXlUCuCkGV0,,,0
T7zZHGie5TE,Cum Town - Sopranos Commentary,ClangersTV,2019-09-01T05:04:39Z,389741,6080.0,https://youtu.be/T7zZHGie5TE,135,,1
oYkquvar0gk,Cumtown - Malcum in The Middle,Thousand Island Stare,2021-07-19T21:45:42Z,385544,4726.0,https://youtu.be/oYkquvar0gk,,,0
mQZQKl-bbxI,Cop Framing Mentally Challenged Kid | CMTOWN ANIMATED,saul,2024-10-27T16:26:22Z,380623,11277.0,https://youtu.be/mQZQKl-bbxI,,,0
uxHd8liVFMo,Cum Town - Gay Flanders,Asian Fidance,2020-08-17T13:45:03Z,380569,9392.0,https://youtu.be/uxHd8liVFMo,,197,1
TEDjDOhZ6V8,Adam interrupts Nick’s drunk US mint story and pays the price | Cumtown,totalfagetown,2024-03-05T00:11:00Z,376496,4143.0,https://youtu.be/TEDjDOhZ6V8,64,,1
-8aC8Ke9siA,Adam and the Chair Incident | CMTOWN ANIMATED,saul,2024-05-08T16:44:06Z,375887,10021.0,https://youtu.be/-8aC8Ke9siA,267,,1
kPmhZvVL-GY,Bill Mahr - Cumtown Podcast,Undisputed Top Ten,2022-04-28T20:46:25Z,375535,3340.0,https://youtu.be/kPmhZvVL-GY,,,0
Cy4Pv4N_3D8,Cum Town - Chechens,Spermany,2018-12-03T21:38:36Z,371818,4883.0,https://youtu.be/Cy4Pv4N_3D8,31,11;26;76,4
Ynr2_Wpvwd8,"cumtown ""Your Father is Chinese"" Mortal Kombat Shao Kahn, Cheech & Chong  Rogan Elon Michael Douglas",SHODOHC,2023-10-27T01:09:19Z,366785,3850.0,https://youtu.be/Ynr2_Wpvwd8,,,0
NtD7Q_S0hno,Cum Town - Fake Women's Diseases,Spermany,2019-01-08T19:45:00Z,366452,7073.0,https://youtu.be/NtD7Q_S0hno,,116,1
YLNqk9E3Dgg,Nick Mullen as Waiter Epstein,Carmen Prince,2020-07-03T06:15:45Z,366376,8170.0,https://youtu.be/YLNqk9E3Dgg,,,0
74w_fhLmejg,Customer Service,saul,2024-12-08T17:26:03Z,361079,7215.0,https://youtu.be/74w_fhLmejg,297,,1
O0_uIukW6O8,Cum Town - Stavros Halkias Dumbest Moments and Hypotheticals Compilation (REMASTERED),Asian Fidance,2020-10-22T17:03:50Z,360771,4619.0,https://youtu.be/O0_uIukW6O8,,,0
RMbO2F6R0_Y,Ghost,ClangersTV,2021-08-07T00:10:09Z,360461,6515.0,https://youtu.be/RMbO2F6R0_Y,,178,1
L-cCbyTAK2I,Funniest cumtown bits pt.1 - CTOWN,MSSPDailyDose,2024-07-03T03:21:41Z,354902,3094.0,https://youtu.be/L-cCbyTAK2I,,,0
mplsuv9s5gg,Nick Mullen on The Right Wing | The Best of Nick Mullen,Cum Town Archive,2025-09-19T17:30:30Z,354395,6091.0,https://youtu.be/mplsuv9s5gg,,,0
GKke9R3b5qc,Beer Guys | Cumtown,Webisu,2021-08-02T00:30:07Z,346405,5806.0,https://youtu.be/GKke9R3b5qc,,28,1
tdsgL2UjOfI,The Time Nick Worked in a Call Center,Steven Seagull,2021-07-12T06:45:05Z,346392,4770.0,https://youtu.be/tdsgL2UjOfI,,,0
KIjE92EEA0g,Stav Says Cumtown Has Never Prepared For A Single Episode,Pardon My Take,2022-06-10T23:06:17Z,345619,9950.0,https://youtu.be/KIjE92EEA0g,,,0
KA0byq8GHso,Nick absolutely kills it one second into the bit | CMTOWN ANIMATED,saul,2025-10-12T17:17:33Z,339718,9047.0,https://youtu.be/KA0byq8GHso,48,,1
jF-knX9gKGc,Cumtown - Hassids,Cumintown Clips,2022-12-10T16:00:31Z,337431,4667.0,https://youtu.be/jF-knX9gKGc,,,0
4Q77dOC2IAE,Bill Burr - Cumtown Podcast,Undisputed Top Ten,2022-04-29T17:36:22Z,335251,5938.0,https://youtu.be/4Q77dOC2IAE,,,0
y8ggu1Qtay4,Blank Check,ClangersTV,2021-03-05T01:42:56Z,335247,5781.0,https://youtu.be/y8ggu1Qtay4,14;53;163;174,,4
aYJyPmifyQg,Cum Town - Jim The Car Salesman,Brick,2021-09-03T03:00:00Z,334350,5385.0,https://youtu.be/aYJyPmifyQg,,,0
cAuPmbF0tbY,Cum Town: Dan Nainan,Rhiannon Krausz,2017-01-08T14:33:21Z,330527,3260.0,https://youtu.be/cAuPmbF0tbY,,,0
4yrC1MBoL6I,Cum Town - Do I Look Like Dasha?,Spermany,2018-12-01T19:35:13Z,330226,3567.0,https://youtu.be/4yrC1MBoL6I,,86,1
i1NAAbEa1CE,Every Simpsons Character makes fun of Adam Friedland,fiefg,2023-11-20T01:37:29Z,329854,8070.0,https://youtu.be/i1NAAbEa1CE,,,0
Ql1PKAG4x4U,"Cum Town-  Cesar Juan Carlos, Laborer",Newporter Smoke,2024-06-24T22:48:32Z,328562,3856.0,https://youtu.be/Ql1PKAG4x4U,,,0
mSpzr5GgdWw,Liam Neeson | CMTOWN ANIMATED,saul,2024-08-04T17:51:29Z,328113,7940.0,https://youtu.be/mSpzr5GgdWw,,,0
mxqPlN1kfGQ,Racist Cowboy Vampire | CMTOWN ANIMATED,saul,2025-10-27T18:36:21Z,327252,11413.0,https://youtu.be/mxqPlN1kfGQ,,245,1
kBYWb1EX2vc,Reddit Is Pathetic - CUMTOWN ANIMATED,saul,2023-01-15T23:21:26Z,326266,7830.0,https://youtu.be/kBYWb1EX2vc,,,0
GatsMGFY6sg,Workplace Gossip - Cumtown,Sleepy Boys,2023-02-03T02:00:12Z,326211,2964.0,https://youtu.be/GatsMGFY6sg,,,0
nA7tyGj2Vws,Stav Left CUMTOWN so here are my favourite Nick moments,InsectIsis,2022-06-29T15:52:04Z,322842,4574.0,https://youtu.be/nA7tyGj2Vws,,,0
0Pwarp3g9Ig,Christopher Walken Interview | Cumtown,Cum Town Archive,2022-10-16T02:17:22Z,318928,4376.0,https://youtu.be/0Pwarp3g9Ig,,246,1
6fjB3miKWXY,Cum Town - Nick's Hardest Laughs in the History of Cum Town,Asian Fidance,2020-10-01T14:00:01Z,315517,5974.0,https://youtu.be/6fjB3miKWXY,227,,1
mkVDGj4UQRE,Cum Town: Basketball Camp,Cadillac Mac,2017-09-04T03:18:34Z,311891,4253.0,https://youtu.be/mkVDGj4UQRE,,,0
ZKM7fUgt_zs,Cum Town vs Jake Flores Compilation,Asian Fidance,2020-12-20T15:37:18Z,311489,3517.0,https://youtu.be/ZKM7fUgt_zs,,,0
OcRiOqoz6pk,Fixing The Dave Chapelle Controversy - CUMTOWN ANIMATED,saul,2022-12-21T15:07:25Z,310104,7959.0,https://youtu.be/OcRiOqoz6pk,,,0
bqN_VN9TZ84,A Guy With Down Syndrome Walks Into A Bar  - The Adam Friedland Show,The Adam Friedland Show,2024-11-25T13:00:43Z,306451,11790.0,https://youtu.be/bqN_VN9TZ84,81,,1
X1fSuUraMbU,Goldust - Cumtown Podcast,Undisputed Top Ten,2022-05-01T02:10:11Z,305356,2127.0,https://youtu.be/X1fSuUraMbU,,,0
PqFJXbbCWQw,Gravity,ClangersTV,2020-08-14T08:54:59Z,303881,5179.0,https://youtu.be/PqFJXbbCWQw,,,0
4-LFqUUwhh4,My favourite bit of all time,saul,2026-05-03T16:51:32Z,303392,22006.0,https://youtu.be/4-LFqUUwhh4,126,,1
4btSE6DSZS0,Brendan Schaub and LA Podcasts | CUMTOWN ANIMATED,saul,2023-06-18T20:23:03Z,298529,6033.0,https://youtu.be/4btSE6DSZS0,,,0
hcA7xvBDSQM,Cum Town - Jim Norton Hates Nick,Spermany,2018-12-06T21:18:14Z,294952,2474.0,https://youtu.be/hcA7xvBDSQM,9,12,2
zPAJWkubil0,Cum Town - Jussie,Welcome To Society,2019-04-11T20:14:41Z,294239,3943.0,https://youtu.be/zPAJWkubil0,,,0
AeD-y7_PTzg,Cum Town - Iranian Voicemail (Re-upload),Asian Fidance,2020-09-28T14:00:05Z,290394,5579.0,https://youtu.be/AeD-y7_PTzg,,,0
-laa3EY5MI4,Cum Town - Andy Richter,Spermany,2019-01-15T17:30:01Z,288789,3173.0,https://youtu.be/-laa3EY5MI4,102,102,2
jSTz4z0X_Tc,Cum Town - Jamie Kilstein,Spermany,2019-02-18T18:00:04Z,288754,2924.0,https://youtu.be/jSTz4z0X_Tc,,,0
H2Qv5utOXEE,Cum Town vs r/OpieandAnthony,Brian S,2018-07-04T01:59:53Z,288184,2653.0,https://youtu.be/H2Qv5utOXEE,,,0
AmYzeLw57sc,7th Heaven (Part One),ClangersTV,2024-12-23T23:25:00Z,287583,4184.0,https://youtu.be/AmYzeLw57sc,78,,1
uRmQ1vEaFgY,We Actually Don't Need a White Woman President - CUMTOWN ANIMATED,saul,2023-04-05T17:55:43Z,283976,11384.0,https://youtu.be/uRmQ1vEaFgY,192,,1
pT8_rvMi0VE,Nick's Days at GameStop | CM Town,Crumb Town,2025-04-04T17:44:19Z,282243,3332.0,https://youtu.be/pT8_rvMi0VE,19,,1
2Yh8BFe373Y,Cum Town - Nick Lying About John Oliver,Spermany,2019-02-11T18:00:00Z,281657,3042.0,https://youtu.be/2Yh8BFe373Y,22,108,2
piDeIVj7XWA,Morgan Freeman - CUMTOWN ANIMATED,saul,2022-06-07T18:51:17Z,281349,5695.0,https://youtu.be/piDeIVj7XWA,188,,1
TTJYx-UWshg,Cum Town - Oh Snap,Spermany,2019-01-11T17:30:00Z,278750,5081.0,https://youtu.be/TTJYx-UWshg,,116,1
TkFR5ZzS160,Cum Town - Law and Order (Remastered) (Re-upload),Asian Fidance,2020-09-12T14:00:12Z,278150,4276.0,https://youtu.be/TkFR5ZzS160,,,0
X5IKQsJf1bw,Nick Mullen on the REAL Reason C-Town Ended | The Adam Friedland Show,TAFS Clips,2024-04-06T13:30:14Z,276925,4863.0,https://youtu.be/X5IKQsJf1bw,,,0
qIVmHIf9l9g,Cum Town - F1,Spermany,2018-12-18T20:55:11Z,274329,3052.0,https://youtu.be/qIVmHIf9l9g,127,97,2
zNqNI7jwkIU,The Pool Problem | CMTOWN ANIMATED,saul,2024-11-17T18:23:38Z,273957,6779.0,https://youtu.be/zNqNI7jwkIU,175,,1
UYwum6MHku0,Stop Calling Stav a Manatee | CMTOWN ANIMATED,saul,2024-02-04T18:02:07Z,271876,5534.0,https://youtu.be/UYwum6MHku0,,222,1
ZlT2kUhOTh4,Nick Mullen's  Bad Dentist Trip,Luis J. Gomez,2023-05-01T00:45:01Z,271820,5010.0,https://youtu.be/ZlT2kUhOTh4,,,0
C6G57RthGpY,Cum Town - Nick Calling His Mom The Gamer Word,Asian Fidance,2020-09-08T14:00:02Z,271419,6002.0,https://youtu.be/C6G57RthGpY,,200,1
3sIAlgpusJI,Cum Town - Adam is a Bug (Remastered)(Re-upload),Asian Fidance,2020-09-13T16:59:32Z,271171,3805.0,https://youtu.be/3sIAlgpusJI,,,0
dYpvjDFpU9k,Barton Fink,ClangersTV,2021-01-05T15:35:31Z,270684,5345.0,https://youtu.be/dYpvjDFpU9k,209,,1
WnrIQJ54urA,Nick sniping Adam,saul,2023-04-18T17:30:59Z,268765,7177.0,https://youtu.be/WnrIQJ54urA,185,,1
8by39KfKtJU,Cum Town - The Clinton Murder List,Asian Fidance,2020-07-12T05:00:13Z,268293,6344.0,https://youtu.be/8by39KfKtJU,,,0
bDqf6MC_cVM,Cum Town - Nick’s Racist Ikea Story,screennames,2022-05-24T18:38:05Z,268087,2994.0,https://youtu.be/bDqf6MC_cVM,,,0
eq8x9YlpKVA,Cum Town - Deadbeat dad Nick (Re-upload),Asian Fidance,2020-09-29T15:00:20Z,265917,4955.0,https://youtu.be/eq8x9YlpKVA,,,0
BMY0L3H3vzc,Cumtown talks about Tom Myers for 1 hour,Tom Myers Innate Fanclub,2022-05-30T22:16:08Z,264232,2403.0,https://youtu.be/BMY0L3H3vzc,,,0
nKS0ygB1KQM,Cum Town - Gay Retarded Jackass,Tube Angel,2018-11-02T04:42:15Z,261072,5311.0,https://youtu.be/nKS0ygB1KQM,127,,1
Wz9Gye5jiiA,Drinking in the Museum,The Future Files,2022-04-20T03:32:42Z,260580,6126.0,https://youtu.be/Wz9Gye5jiiA,,,0
hevLLC35zHg,"This is your Captain Speaking, Captain Nick Mullen- Flight Attendant Ms.Adam  Stavros Aviation Food",SHODOHC,2024-11-10T18:56:01Z,260170,3049.0,https://youtu.be/hevLLC35zHg,,,0
CFhaPNRyuwE,Cum Town Freestyle - Clarence The Baker,ClangersTV,2019-12-18T20:05:20Z,259735,6447.0,https://youtu.be/CFhaPNRyuwE,,162,1
hGFOMBRmgXY,How Kanye West Went Insane | CMTOWN ANIMATED,saul,2025-05-18T15:59:30Z,256881,8181.0,https://youtu.be/hGFOMBRmgXY,,,0
E60j3E191_E,fantasy cumtown,saul,2023-04-28T16:01:42Z,255854,5857.0,https://youtu.be/E60j3E191_E,155,,1
APwF5LdK050,Cumtown | Asians,CoomToon,2024-09-03T19:52:22Z,255398,2063.0,https://youtu.be/APwF5LdK050,,,0
k4u-c_ezfi4,Adam's Dad appears on the Show | TAFS,PodcastHallofFame,2024-05-09T23:00:23Z,254725,6776.0,https://youtu.be/k4u-c_ezfi4,,,0
HhsORTTlMQc,Cum Town - The Creators,Spermany,2019-01-05T18:31:00Z,253905,2984.0,https://youtu.be/HhsORTTlMQc,,17,1
QWjmXFOJSXU,Cumtown Animated: A girl named Evie (best ad read ever),dinosaur club,2022-02-16T09:00:11Z,253464,5902.0,https://youtu.be/QWjmXFOJSXU,,,0
diTnyOS_5cc,CumTown - Stav’s Best Buy Story (Future Files re-upload),meep mop moop,2022-03-18T02:37:19Z,253383,3557.0,https://youtu.be/diTnyOS_5cc,,,0
T_UYto_FuvE,Cum Town - The Mask,Elon Bust,2019-06-04T04:39:51Z,253142,3747.0,https://youtu.be/T_UYto_FuvE,,138,1
HV4DJDolIMs,Cum Town - Nick's Parody Songs Ended a Relationship,Spermany,2019-02-12T17:00:01Z,252127,3349.0,https://youtu.be/HV4DJDolIMs,59,67,2
nzHeMAdT-dc,Cruisin' Joe,Chadam Friedland,2023-08-03T18:00:21Z,252110,2591.0,https://youtu.be/nzHeMAdT-dc,,,0
TzqzyVgpY68,Cum Town - Woke Sopranos Comedian (Re-upload),Asian Fidance,2020-10-21T19:55:24Z,251020,5056.0,https://youtu.be/TzqzyVgpY68,,,0
4ZJMylz4oRw,Cum Town Highlight Gamestop,cumcity,2021-12-03T23:09:56Z,250927,3440.0,https://youtu.be/4ZJMylz4oRw,,,0
eQGvlSG6wpY,Kathie Lee Gifford Makes Boy Cry,ClangersTV,2020-03-06T21:05:38Z,250501,6260.0,https://youtu.be/eQGvlSG6wpY,,5,1
uSeyCiZlSnc,cum town with dan soder - mark wahlberg,quinn,2018-08-18T00:55:03Z,246106,3732.0,https://youtu.be/uSeyCiZlSnc,,,0
-V-4fmJD-mE,"no, no, that's not what the monkey sounds like | CMTOWN ANIMATED",saul,2025-10-19T17:11:37Z,245999,7343.0,https://youtu.be/-V-4fmJD-mE,,147,1
ISMTn0WMCV4,The Mash-Up Show 12.29.16: Nick Mullen & Stavros Halkias,The Stand NYC,2017-01-02T08:32:30Z,245774,2990.0,https://youtu.be/ISMTn0WMCV4,,,0
BnCHUmqcQ74,CumTown - Sing Us A Song Trans Piano Man (With Visuals),Chief DoubleDown,2020-10-26T21:31:47Z,245342,3629.0,https://youtu.be/BnCHUmqcQ74,,,0
0AxA46Siot4,Cumtown - Hard Arnold,Thousand Island Stare,2021-07-13T21:00:12Z,244956,1744.0,https://youtu.be/0AxA46Siot4,,,0
1UQu_ppIgdM,Cum Town - Baseball: The Great Beautiful Game,Joe Blow,2018-10-26T04:53:57Z,244704,2980.0,https://youtu.be/1UQu_ppIgdM,,,0
C_yv_9xBKxs,Chris Chan Wont Ever Feel Guilty - CUMTOWN ANIMATED,saul,2023-03-23T21:09:50Z,242994,7114.0,https://youtu.be/C_yv_9xBKxs,,,0
95SM5mhFseY,Barbie,ClangersTV,2024-01-06T22:17:37Z,242665,4426.0,https://youtu.be/95SM5mhFseY,,13,1
4Zb3J3VP8tc,The real reason Stav left - CUMTOWN ANIMATED,saul,2022-10-13T22:01:01Z,242233,5484.0,https://youtu.be/4Zb3J3VP8tc,151,,1
Tq6wQAKfIM0,Down Syndrome Mafia | CMTOWN ANIMATED,saul,2025-02-02T17:42:41Z,241302,5458.0,https://youtu.be/Tq6wQAKfIM0,,,0
3kPU_yfhia4,This is your captain speaking ( Cumtown animation),Greasy Sandwich,2021-08-25T16:08:59Z,240711,8358.0,https://youtu.be/3kPU_yfhia4,,,0
NaRsZTJXq04,Cum Town Ep.35 - Cum Town Fires Back,Tube Angel,2018-11-05T05:22:48Z,240605,1337.0,https://youtu.be/NaRsZTJXq04,35,,1
5Mg5O5tSf7g,The Matrix Resurrections,ClangersTV,2024-07-16T18:22:53Z,239824,3008.0,https://youtu.be/5Mg5O5tSf7g,313,,1
8rx3aoQ2RLc,Cumtown - Crime,T.A.F.S,2022-07-10T18:00:01Z,239103,2533.0,https://youtu.be/8rx3aoQ2RLc,,,0
I7oUI2SVpGI,Parents Prank - CUMTOWN ANIMATED,saul,2022-05-01T08:15:30Z,238352,8752.0,https://youtu.be/I7oUI2SVpGI,,,0
C_TDfOkF-Vo,Nick's Heavy Metal Song | CMTOWN ANIMATED,saul,2025-09-28T16:18:07Z,238179,6831.0,https://youtu.be/C_TDfOkF-Vo,,146,1
JYTEm8QGnR8,Nick Lives In Squalor - CTown,Huey Barrymore,2025-11-11T20:00:12Z,238046,2561.0,https://youtu.be/JYTEm8QGnR8,,,0
KExV2rPigk8,Cum Town - Old Rap vs New Rap,Spermany,2018-12-22T19:01:00Z,237980,3511.0,https://youtu.be/KExV2rPigk8,131,,1
gGI72a0R5hU,Clarence The Baker | CMTOWN ANIMATED,saul,2024-06-23T16:16:45Z,237664,7671.0,https://youtu.be/gGI72a0R5hU,,162,1
Tfd9BP8se1A,Nick Mullen on Nicolas Cage,James Whale Bake Sale,2024-01-29T02:02:32Z,235838,3053.0,https://youtu.be/Tfd9BP8se1A,,,0
vOwnmKUn01w,Cumtown | TV & Game Shows,Esoterio,2021-12-17T10:27:40Z,235814,1413.0,https://youtu.be/vOwnmKUn01w,,2,1
lQGZvKho48U,Craiglist Nightmare - CUMTOWN ANIMATED,saul,2023-07-24T20:32:40Z,235518,5879.0,https://youtu.be/lQGZvKho48U,,,0
xjdNhgSvYVU,Nick goes undercover 🥸 💁🏿‍♀️ #theadamfriedlandshow #nickmullen,TAFSpod🌸,2024-01-23T23:14:37Z,235440,6412.0,https://youtu.be/xjdNhgSvYVU,,,0
udWUNq0fwPI,The Cum Town Music Collection (with instrumental),Asian Fidance,2021-01-03T00:54:15Z,234527,6591.0,https://youtu.be/udWUNq0fwPI,,,0
Ad4XDIDjnYQ,Cum Town - Seth Dickfield Compilation,Asian Fidance,2020-09-04T21:25:23Z,233871,3057.0,https://youtu.be/Ad4XDIDjnYQ,,,0
-QctssEvcD0,"Six Flags is The Worst, Actually | CUMTOWN ANIMATED",saul,2023-09-10T17:06:59Z,233718,5009.0,https://youtu.be/-QctssEvcD0,,,0
_CNz7PNcAj8,Ep. 205 - Youtube Live,The Adam Friedland Show,2020-04-30T19:48:37Z,232939,3137.0,https://youtu.be/_CNz7PNcAj8,205,,1
OnYSobomOMc,Nick Mullen On Israel & Palestine | The Best of Nick Mullen,Cum Town Archive,2025-10-08T18:00:32Z,232189,3994.0,https://youtu.be/OnYSobomOMc,,,0
Vn9rQKVRXD0,The Matrix Series,ClangersTV,2024-02-12T12:08:24Z,231606,3914.0,https://youtu.be/Vn9rQKVRXD0,99,,1
YIlvSnh70WU,Joy Behar Meltdown on The View - CUMTOWN ANIMATED,saul,2023-09-05T19:33:43Z,231174,5030.0,https://youtu.be/YIlvSnh70WU,143,,1
O8jM8Fy3xJ4,Cum Town - When Nick Opened for Patrice,Spermany,2019-01-11T18:58:30Z,230746,2647.0,https://youtu.be/O8jM8Fy3xJ4,,83,1
8A25sS_HGnc,A Few Good Men if it was actually good | CMTOWN ANIMATED,saul,2025-09-21T17:02:01Z,230240,5415.0,https://youtu.be/8A25sS_HGnc,188,,1
OFd6DzunaTg,Arthur and Meatwad,Chadam Friedland,2024-02-13T17:00:15Z,230057,2730.0,https://youtu.be/OFd6DzunaTg,,137,1
YLeGDp0rbgg,Nick Mullen gets in trouble with BlueChew,fiefg,2025-04-13T16:57:00Z,229886,5497.0,https://youtu.be/YLeGDp0rbgg,,,0
_0-eoEr7jCY,Native Americans | CMTOWN ANIMATED,saul,2024-08-11T18:40:08Z,229153,7209.0,https://youtu.be/_0-eoEr7jCY,176,,1
xR6rVgJzlR8,Nick Mullen ROASTS Amy Schumer,Cum Town Archive,2025-06-15T20:45:38Z,228277,2698.0,https://youtu.be/xR6rVgJzlR8,,,0
Fd87erLw_pM,Degrassi,ClangersTV,2025-06-30T06:05:00Z,228201,4828.0,https://youtu.be/Fd87erLw_pM,78,,1
oAY4G4YqdsA,"Cumtown Animated: James Bond 007, A Time Too Soon",dinosaur club,2021-12-07T08:06:30Z,227757,4876.0,https://youtu.be/oAY4G4YqdsA,,,0
r0NW-ARwOw4,Jack White's Seven Nation Army | Cumtown,Cum Town Archive,2022-09-04T04:00:13Z,227518,4677.0,https://youtu.be/r0NW-ARwOw4,,,0
UV6uReAFKJk,Santa Camp,ClangersTV,2023-05-24T05:17:37Z,226980,3725.0,https://youtu.be/UV6uReAFKJk,,,0
gsGhMTfvU84,Stav Leaves Cum Town (Compilation of my Favorite bits),Airball Eric,2022-06-26T14:00:21Z,226255,3459.0,https://youtu.be/gsGhMTfvU84,,,0
noQx56RZWgo,Uber Reviews - CUMTOWN ANIMATED,saul,2022-03-10T23:07:04Z,225213,4577.0,https://youtu.be/noQx56RZWgo,107,,1
zDaqaqQ4MVM,Cum Town - Chinese Jews,Elon Bust,2019-01-17T06:30:24Z,224694,4236.0,https://youtu.be/zDaqaqQ4MVM,,,0
_nf4Kns0i0U,Cum Town - Pokémon Theme Karaoke,ClangersTV,2019-09-22T04:00:25Z,224419,4876.0,https://youtu.be/_nf4Kns0i0U,70;73;151,,3
PTIlvGzoyNA,Nick's Old Living Situation,PodcastArcade,2021-12-03T16:00:10Z,224310,2625.0,https://youtu.be/PTIlvGzoyNA,,,0
5hnctqImDDU,Oppenheimer | CUMTOWN ANIMATED,saul,2023-08-06T18:45:47Z,221961,7304.0,https://youtu.be/5hnctqImDDU,156,,1
FmbXbJPoY84,stav thinks he's the type to go hiking | CMTOWN ANIMATED,saul,2025-08-24T16:26:30Z,221902,6792.0,https://youtu.be/FmbXbJPoY84,,233,1
9dK9XmOrUoQ,Cum Town - The Feminist Bookstore Saga (Re-upload),Asian Fidance,2020-07-12T05:04:29Z,221626,3014.0,https://youtu.be/9dK9XmOrUoQ,,,0
LcYMQ11qCQ4,Cum Town - Adams Most Jewish Moment,Waco Paco,2021-09-29T12:14:57Z,221286,4036.0,https://youtu.be/LcYMQ11qCQ4,,,0
HJRJloaTGSA,No Country For Old Men | CMTOWN ANIMATED,saul,2024-12-15T18:04:50Z,221015,5937.0,https://youtu.be/HJRJloaTGSA,,176,1
PyzHT3nOrMQ,To Catch A Predator - CUMTOWN ANIMATED,saul,2023-03-19T17:52:41Z,220869,6126.0,https://youtu.be/PyzHT3nOrMQ,128,,1
_qt2Rem304k,Nick's Past as an Old Japanese Warrior  - CUMTOWN ANIMATED,saul,2023-05-18T22:32:07Z,220792,4916.0,https://youtu.be/_qt2Rem304k,111,,1
UDZvAqRMYmY,Shrek Ears and Sebastian 2 - Cumtown,Sleepy Boys,2023-02-09T14:00:17Z,220210,1179.0,https://youtu.be/UDZvAqRMYmY,151,,1
zeroxb3un9k,Cum Town - Joe Biden (Re-upload),Asian Fidance,2020-09-23T21:00:09Z,218929,4561.0,https://youtu.be/zeroxb3un9k,,,0
ImqSfrrBBvw,Cum Town - Meeting Jeff Stein,Spermany,2019-01-12T17:30:01Z,217902,2609.0,https://youtu.be/ImqSfrrBBvw,,94,1
OocYNADsA3o,Cum Town - George Takei,Spermany,2018-12-31T20:45:02Z,217863,2432.0,https://youtu.be/OocYNADsA3o,18,58,2
RRsJ1qRwTNM,Cumtown   The Mask,THANH MCS,2022-10-01T15:20:55Z,217406,2680.0,https://youtu.be/RRsJ1qRwTNM,,,0
YteIN7feCs8,Democratic Debates,ClangersTV,2019-07-01T08:43:32Z,216156,4016.0,https://youtu.be/YteIN7feCs8,,150,1
RtCc6l7kNxw,No Country For Old Men Complete Compilation | Cumtown,PodcastHallofFame,2024-05-13T20:00:08Z,216115,3295.0,https://youtu.be/RtCc6l7kNxw,,,0
OdfkFAhBg9w,Christopher Walken stops by,Sadye West,2021-11-28T01:21:09Z,215806,2433.0,https://youtu.be/OdfkFAhBg9w,,,0
SmZg4Khnr5Q,Nicks Movie Idea | Me Play Joke,Tug Douglas,2021-12-29T03:55:42Z,215688,4345.0,https://youtu.be/SmZg4Khnr5Q,,,0
-W9TP-SkXRM,Nick finds a funny kpop subreddit - cumtown,MSSPDailyDose,2024-07-04T07:19:41Z,215559,2577.0,https://youtu.be/-W9TP-SkXRM,,,0
XDnY4pic7kE,Nick's Testimony,PodcastArcade,2023-03-17T23:03:57Z,215404,2206.0,https://youtu.be/XDnY4pic7kE,,,0
_ERR68RoI9s,cum town - day laborer compilation,Curn,2017-12-24T21:55:47Z,215203,3039.0,https://youtu.be/_ERR68RoI9s,,,0
DC25AviPPC8,Cum Town   Adam Used Slaves,CumTown Clips,2019-08-04T14:40:40Z,215040,2025.0,https://youtu.be/DC25AviPPC8,,,0
F0sPgL3k_ig,Cumtown - Jewish Mall,Thousand Island Stare,2021-07-12T21:00:08Z,214847,2274.0,https://youtu.be/F0sPgL3k_ig,,,0
-7mbniFLjow,Movie Recommendation,ClangersTV,2020-09-15T02:06:43Z,214485,3966.0,https://youtu.be/-7mbniFLjow,87,,1
7lDkJahcarY,"CUMTOWN - Nick Mullen on growing up, millennials, and children",Comedy Podcast Gold,2018-05-23T02:02:04Z,213331,3132.0,https://youtu.be/7lDkJahcarY,,,0
OXtogYX2vBg,CUM TOWN - Schindlers Lisp,Comedy Podcast Gold,2018-07-02T06:18:46Z,212955,3160.0,https://youtu.be/OXtogYX2vBg,,,0
u9HkKndhxbs,Cum Town - Australian Coins / Visit Africa,Spermany,2019-01-14T17:35:33Z,212611,3157.0,https://youtu.be/u9HkKndhxbs,,117,1
aDOqlTLUSSw,He died at sea  | CMTOWN ANIMATED,saul,2025-04-27T17:09:16Z,212425,7057.0,https://youtu.be/aDOqlTLUSSw,,125,1
xyLj2gHkzoI,Cum Town - Bill Maher Intro,Dennis Prager,2017-06-05T20:45:21Z,212410,3304.0,https://youtu.be/xyLj2gHkzoI,,,0
vua1zU9TZcc,Indian R2D2 - CUMTOWN ANIMATED,saul,2023-05-26T00:15:38Z,211328,5499.0,https://youtu.be/vua1zU9TZcc,,,0
WES9K_4nses,Chinese Raiden | CMTOWN ANIMATED,saul,2025-11-02T17:43:36Z,209244,6737.0,https://youtu.be/WES9K_4nses,,169,1
Bz6qRjwoME8,Cum Town - Molested Cholo,Asian Fidance,2020-09-10T13:30:03Z,208464,5469.0,https://youtu.be/Bz6qRjwoME8,224,,1
73uOHmWUdAY,The Hooters Tantrum | CMTOWN ANIMATED,saul,2025-05-11T17:05:33Z,207656,6789.0,https://youtu.be/73uOHmWUdAY,,125,1
OwpGYbmGysA,CumTown - At the Movies with Vikram the WokeBot,Chief DoubleDown,2021-07-17T14:00:15Z,207280,3346.0,https://youtu.be/OwpGYbmGysA,268,,1
_NcNNZYlxdE,Nick Quits His Meds - Cum Town,Cool Adam Burner Account,2020-04-30T23:36:08Z,206913,3845.0,https://youtu.be/_NcNNZYlxdE,,,0
V0dqxMHX-7c,Cops Are Looking For Nick,saul,2022-07-25T15:27:45Z,206117,4584.0,https://youtu.be/V0dqxMHX-7c,301,,1
iDdvIx_ej90,Stavros Halkias Explains Why He Left The Cum Town Podcast,Pardon My Take,2022-08-06T22:17:54Z,205884,1917.0,https://youtu.be/iDdvIx_ej90,,,0
TozgAO6Jn2w,Cum Town - Nick and Adam Get Tense,Spermany,2019-01-27T18:00:03Z,205444,1902.0,https://youtu.be/TozgAO6Jn2w,71,,1
ccBvRMB5t6s,Nick Mullen the Vampiric Mountain Man | Cumtown,Webisu,2021-07-02T00:30:10Z,205316,3236.0,https://youtu.be/ccBvRMB5t6s,,242,1
HLjoY-vcZPE,Cum Town - Baltimore Ocean,Spermany,2018-12-28T20:45:01Z,205305,2881.0,https://youtu.be/HLjoY-vcZPE,132,,1
XbCBe2hudeM,Cum Town - Joe Biden Victory Speech,Asian Fidance,2020-11-05T17:30:31Z,204430,4609.0,https://youtu.be/XbCBe2hudeM,232,,1
_rcSru3EI10,Cum Town - Health Teacher Nick,Spermany,2019-01-20T17:30:01Z,203910,2804.0,https://youtu.be/_rcSru3EI10,137,,1
38dgG359q1M,Don Henley's Dark Secret - CUMTOWN ANIMATED feat. Nick Rochefort,saul,2022-05-22T16:30:02Z,203607,3949.0,https://youtu.be/38dgG359q1M,,269,1
ZbZ2miXlp_E,Cum Town - Writing a Hit Song / Beyond Belief,Elon Bust,2019-07-01T23:04:49Z,203233,2988.0,https://youtu.be/ZbZ2miXlp_E,,150,1
t7InReAbKfo,Back To The Future | CMTOWN ANIMATED,saul,2025-03-02T18:35:47Z,203084,5963.0,https://youtu.be/t7InReAbKfo,,,0
tP_2CdZC3DA,"Sorry, It's My First Rodeo | CMTOWN ANIMATED",saul,2024-07-21T16:24:58Z,201926,6746.0,https://youtu.be/tP_2CdZC3DA,255,,1
EcqhgN32qK8,Slavery Town | CUMTOWN ANIMATED,saul,2023-06-25T21:52:10Z,201639,5699.0,https://youtu.be/EcqhgN32qK8,,,0
qCw58183wws,Cum Town - Making Fun of Adam for liking Bob Dylan (Re-upload),Asian Fidance,2020-09-24T16:00:11Z,200599,3146.0,https://youtu.be/qCw58183wws,,,0
y_EbkbNc-KM,Cumtown | Howard Stern (Ridge Wallet),MentallyChinese,2021-02-10T04:01:51Z,200036,3079.0,https://youtu.be/y_EbkbNc-KM,185,,1
ETmqoKvDMy8,Tom Myers vs Nick Mullen Origin Story,Luis J. Gomez,2019-05-16T21:18:06Z,200019,2365.0,https://youtu.be/ETmqoKvDMy8,,,0
KVrKkBL9EQE,The Elders Of Zion | CMTOWN ANIMATED,saul,2024-09-01T18:49:02Z,198485,5285.0,https://youtu.be/KVrKkBL9EQE,,224,1
yh_vH_D29qY,Steve Harvey Complete Compilation - Cumtown,PodcastHallofFame,2024-04-30T21:14:28Z,196781,2360.0,https://youtu.be/yh_vH_D29qY,,,0
F0vMr8tbUuc,Cum Town - Jeffrey Epstein's Plane,Spermany,2019-01-10T19:00:00Z,195869,3195.0,https://youtu.be/F0vMr8tbUuc,,116,1
fRmjrEMFC14,The Matrix Reinterpreted,ClangersTV,2024-06-05T18:41:50Z,195017,3028.0,https://youtu.be/fRmjrEMFC14,24;38,,2
u6CuVd1e4rM,Cum Town - South Asian Voice Compilation (REMASTERED),Asian Fidance,2020-12-05T13:53:16Z,194501,3112.0,https://youtu.be/u6CuVd1e4rM,,,0
4edwRPdH0Dk,Cum Town - Adam's Black Son & Every Type of Bitch,Elon Bust,2019-06-17T10:03:50Z,193944,3623.0,https://youtu.be/4edwRPdH0Dk,,,0
44IbGI0IDGA,Cum Town - Charlie Rose (Visual),Asian Fidance,2020-10-09T20:37:04Z,193921,2497.0,https://youtu.be/44IbGI0IDGA,,,0
d3qRLjRtGCo,JFK,ClangersTV,2019-07-04T19:01:53Z,193738,4782.0,https://youtu.be/d3qRLjRtGCo,162,,1
DDiBfmYXZJA,Bringing a Smile to Nick's Face | CMTOWN ANIMATED,saul,2025-12-14T16:35:26Z,193501,5571.0,https://youtu.be/DDiBfmYXZJA,301,,1
SFAPIARXjTw,Cum Town - Dad's Google History,Spermany,2019-01-12T19:58:16Z,192787,2075.0,https://youtu.be/SFAPIARXjTw,,114,1
QinyLruHE1g,Michael Penis | CMTOWN ANIMATED,saul,2025-12-07T18:04:19Z,192539,6636.0,https://youtu.be/QinyLruHE1g,,164,1
-yB_kjR5pHo,Nick Predicts the Epstein Files | CMTOWN ANIMATED,saul,2026-02-09T19:36:57Z,192516,8113.0,https://youtu.be/-yB_kjR5pHo,,141,1
rJzzPFND368,The Joker on Steve Harvey | CMTOWN ANIMATED,saul,2024-10-15T19:34:59Z,191518,7148.0,https://youtu.be/rJzzPFND368,176,,1
W9YrLDHD_oM,Nick Mullen vs Jamie Kilstein Roast Battle LIVE at Skankfest,Elon Bust,2019-01-20T23:41:06Z,191313,3781.0,https://youtu.be/W9YrLDHD_oM,,,0
Qq1Yhe8j3dE,Cum Town - Robocop Batman,Asian Fidance,2020-08-12T09:49:25Z,191075,5091.0,https://youtu.be/Qq1Yhe8j3dE,,,0
MLS9lnpX-hU,Adams Horrible Japanese Tradition | CMTOWN ANIMATED,saul,2025-05-25T17:09:41Z,190935,5718.0,https://youtu.be/MLS9lnpX-hU,,125,1
frPC5GYEeZ4,Power Rangers Theme,ClangersTV,2021-06-14T17:03:56Z,190212,3861.0,https://youtu.be/frPC5GYEeZ4,,,0
N4gX7VF5b3U,The History of Israel | Cumtown,Cum Town Archive,2022-10-06T01:58:46Z,189643,2628.0,https://youtu.be/N4gX7VF5b3U,,,0
kid-_np2uco,Cum Town - African Incel Sebastian (re-upload),Asian Fidance,2020-09-03T03:18:06Z,188965,3847.0,https://youtu.be/kid-_np2uco,,,0
OfczGzr4zmA,Nick's Nightmare Roommates | CMTOWN ANIMATED,saul,2026-02-15T18:20:27Z,188634,5792.0,https://youtu.be/OfczGzr4zmA,,259,1
HCGRH4SL-Js,Cocaine Cowboys Part 2 - Cumtown Premium Bonus,NotAdam,2022-09-14T21:11:18Z,188407,1389.0,https://youtu.be/HCGRH4SL-Js,,13,1
Jy0fRfaUWFM,Stavros Halkias Wants the Left to Let Loose,Vulture,2025-10-23T14:00:36Z,188244,4445.0,https://youtu.be/Jy0fRfaUWFM,,,0
OD6dI-mKOro,Adam’s Cousin - Cum Town,Cool Adam Burner Account,2020-06-25T21:00:05Z,188161,4429.0,https://youtu.be/OD6dI-mKOro,,,0
8skqFWYQVYw,Cum Town  - New York Jewish Culture,Man with a **** van,2021-03-24T01:05:55Z,187277,2721.0,https://youtu.be/8skqFWYQVYw,,200,1
ynQuQRf6WyE,Andrew Yang and the Street Shark Idea | CMTOWN ANIMATED,saul,2024-04-24T18:58:21Z,186613,5424.0,https://youtu.be/ynQuQRf6WyE,247,,1
0ND7M5hjnNo,Lena Dunham - Cumtown Podcast,Undisputed Top Ten,2022-04-26T16:55:39Z,186374,1535.0,https://youtu.be/0ND7M5hjnNo,,,0
xhCpWKQ65yg,Cumtown Farewell Patreon,John Hopkins,2025-03-03T17:44:13Z,186052,5207.0,https://youtu.be/xhCpWKQ65yg,,,0
hFBYWOMu7XU,Eric The Falcon | CMTOWN ANIMATED,saul,2024-10-20T18:25:23Z,185978,5183.0,https://youtu.be/hFBYWOMu7XU,,,0
iYXxjpj_Vnk,Nick Mullen Standup - The Blindside,Tube Angel,2018-10-02T05:44:18Z,185719,3024.0,https://youtu.be/iYXxjpj_Vnk,,,0
dWZxTUoXI78,Cum Town - Prison Comics & Wayne Newton,Spermany,2019-02-01T19:35:12Z,184830,2168.0,https://youtu.be/dWZxTUoXI78,140,,1
XRKe7h_dLR4,Ian's Relapse Animated,Steven Seagull,2021-04-07T23:09:33Z,183885,3300.0,https://youtu.be/XRKe7h_dLR4,,,0
hkTk2yFIdsw,Adam ruins this bit in less than 10 seconds,saul,2022-11-09T16:42:12Z,182912,4625.0,https://youtu.be/hkTk2yFIdsw,,86,1
slnVJoKDljc,cum town - wholesome reddit,quinn,2019-05-13T03:10:09Z,182332,3113.0,https://youtu.be/slnVJoKDljc,,,0
dEVLbXS6JxA,Cum Town - British Mongaloid,Reee Tawd,2022-09-23T10:40:26Z,182221,2221.0,https://youtu.be/dEVLbXS6JxA,,,0
sAc-Pm822tY,Threatening Pedophile Ray Romano - Best Cum Town Bits,The CTown Podcast Archive,2019-06-08T05:08:10Z,182025,3909.0,https://youtu.be/sAc-Pm822tY,107,,1
xSDvLn-wwzo,Cumtown | Mark Wahlberg,Esoterio,2022-01-06T10:05:52Z,181628,2666.0,https://youtu.be/xSDvLn-wwzo,,,0
izKFg3bB2RA,Cum Town - Batman Alternate Universe,La Ville du Cum,2018-02-24T15:08:58Z,180745,2786.0,https://youtu.be/izKFg3bB2RA,91,,1
do7Znn2Ix8Y,French People | CMTOWN ANIMATED,saul,2024-04-15T16:35:27Z,180591,3732.0,https://youtu.be/do7Znn2Ix8Y,,122,1
b9T6E37yLTk,Cum Town - Tell Him About The Midget,Spermany,2019-01-26T18:00:04Z,180360,2972.0,https://youtu.be/b9T6E37yLTk,55,,1
hMRHXIveuxc,Nick on the fans - CUMTOWN ANIMATED,saul,2023-01-30T23:56:12Z,180121,4534.0,https://youtu.be/hMRHXIveuxc,,,0
_bUMbZq1gig,Cum Town Responds to Chapo Trap House Rape Joke Controversy,Elon Bust,2019-01-18T12:17:14Z,180104,2071.0,https://youtu.be/_bUMbZq1gig,,,0
j_tWw1ayh3o,r/Podcasting : The Cringiest Subreddit,saul,2024-02-11T18:07:30Z,179919,5093.0,https://youtu.be/j_tWw1ayh3o,161,,1
vdZ6keVrdMY,Cum Town - John Wick thinks he's black and this is wrong,Asian Fidance,2020-07-12T04:58:19Z,179804,4116.0,https://youtu.be/vdZ6keVrdMY,,,0
W8jlyiLToNA,Mortal Kombat' new finishing move | CMTOWN ANIMATED,saul,2025-11-17T21:35:06Z,179637,6229.0,https://youtu.be/W8jlyiLToNA,250,,1
d4PoCHexLaY,Cum Town - Adam's Minds (Visual) (Re-upload),Asian Fidance,2020-10-17T22:12:09Z,178849,3083.0,https://youtu.be/d4PoCHexLaY,,,0
8Ppd_ZHL0Ik,Cum Town - Adam Friedland hates Black-Owned Businesses (re-upload),Asian Fidance,2020-09-04T14:00:01Z,178840,2838.0,https://youtu.be/8Ppd_ZHL0Ik,,,0
ocB9VxQrl8E,Stavros Halkias endorses Zohran Mamdani for NYC Mayor,Town Manager,2025-06-23T23:54:07Z,178369,13109.0,https://youtu.be/ocB9VxQrl8E,,,0
qEAOTleJ5U8,Cum Town - Wario's Plan,Spermany,2019-01-09T19:36:13Z,177519,2413.0,https://youtu.be/qEAOTleJ5U8,127,,1
0nJFF23zrAI,cumtown LEGENDARY 'kiss me up' Manscaped Ad read. Unstoppable Performance,SHODOHC,2023-02-21T20:07:27Z,177136,2944.0,https://youtu.be/0nJFF23zrAI,,,0
aDykRzZkpNA,Ep. 210 - Welcome Back,The Adam Friedland Show,2020-06-10T23:36:23Z,177072,2308.0,https://youtu.be/aDykRzZkpNA,210,,1
1L47Xxa8MOc,Cum Town - The Big Chill Part 2 (Re-upload),Asian Fidance,2020-09-02T20:26:00Z,176550,3090.0,https://youtu.be/1L47Xxa8MOc,,,0
81VWnThs640,7th Heaven (Part Two),ClangersTV,2024-12-23T23:35:21Z,175995,3355.0,https://youtu.be/81VWnThs640,5,,1
gBElhM57h5I,NEW Cumtown | Farewell Episode,Cum Town Archive,2025-03-04T00:21:09Z,175249,6022.0,https://youtu.be/gBElhM57h5I,,,0
TXIKdD8q-zk,SILENCE - CUMTOWN ANIMATED,saul,2022-02-22T13:58:12Z,174259,3806.0,https://youtu.be/TXIKdD8q-zk,184,,1
ybafYJWaR08,Cum Town - Why Come?,Spermany,2019-02-17T17:30:04Z,174195,2395.0,https://youtu.be/ybafYJWaR08,78,,1
K-a_I9dw1uk,Cum Town - Making Fun of Ian Part 2,Spermany,2020-09-23T23:29:56Z,173446,1888.0,https://youtu.be/K-a_I9dw1uk,,122;125;129;176;181;196,6
OKk1w8fsr2c,Nick Hates George Takei | CMTOWN ANIMATED,saul,2025-03-16T18:47:06Z,173209,3771.0,https://youtu.be/OKk1w8fsr2c,18,,1
me5mMUqVHRI,Cumtown - Nick is Half Chinese,Camostealth,2021-09-18T15:31:07Z,172417,3180.0,https://youtu.be/me5mMUqVHRI,,,0
6Y-Q-VvVCNk,Cum Town - Jeff Goldblum at Jurassic Park,Asian Fidance,2020-09-03T13:45:00Z,171528,2989.0,https://youtu.be/6Y-Q-VvVCNk,223,,1
R3r8w1uc4EA,Love Island But They Have Guns Now | CUMTOWN ANIMATED,saul,2023-10-04T20:53:25Z,171465,5738.0,https://youtu.be/R3r8w1uc4EA,,,0
J_2ZywIv9z0,Cum Town | Sargon of Akkad,kidpresentable,2018-12-21T22:30:36Z,170962,2988.0,https://youtu.be/J_2ZywIv9z0,134,,1
AujeFPSua2k,Cumtown - The Most Low Effort Bit Ever: Penis Movies,Thousand Island Stare,2021-09-29T18:38:22Z,170763,3206.0,https://youtu.be/AujeFPSua2k,,,0
5wqtmZpTMaI,Steve Harvey at Nuremberg - CMTOWN ANIMATED Reaction,Frankenstein's Lab,2024-06-10T16:17:52Z,169954,3719.0,https://youtu.be/5wqtmZpTMaI,,,0
XOGcMWCzoks,Cum Town - Jersey guy who keeps watching gay movies (re-upload),Asian Fidance,2020-09-03T03:19:44Z,169126,3624.0,https://youtu.be/XOGcMWCzoks,,,0
hHR59aQ_dk4,Cumtown | the Train Sign debate,MentallyChinese,2021-07-21T13:45:03Z,168411,1942.0,https://youtu.be/hHR59aQ_dk4,244,,1
gtdw0RxfdF8,Cum Town - Adam Outsmarting Nick (Re-upload),Asian Fidance,2020-10-02T19:01:00Z,168132,4426.0,https://youtu.be/gtdw0RxfdF8,,,0
-JdukbkdMAc,The Best Book You Have Ever Read | The Best of Nick Mullen #nickmullen #comedy,Cum Town Archive,2025-07-21T14:00:00Z,167014,3552.0,https://youtu.be/-JdukbkdMAc,,,0
QbTRS1ovlj8,Cum Town - Black Mirror,pwnage.exe,2017-12-01T03:48:24Z,167001,2226.0,https://youtu.be/QbTRS1ovlj8,25,,1
QA9ViXv2v38,Cum Town - Nick's Intellectual Friends,PodcastArcade,2021-09-13T15:00:16Z,166661,2394.0,https://youtu.be/QA9ViXv2v38,,,0
XIcQ4qo4OW0,Chester Cheetah | CMTOWN ANIMATED,saul,2024-11-13T17:09:41Z,165822,5499.0,https://youtu.be/XIcQ4qo4OW0,,204,1
kMBeilZpUcE,Cumtown - Marching Boys,Cumintown Clips,2023-01-13T16:00:32Z,165706,2621.0,https://youtu.be/kMBeilZpUcE,,,0
2v_57amW848,Ben Shapiro OWNS Third Grader With Facts and Logic (Cum Town),DSA President Nick Mullen,2019-05-03T00:41:34Z,164930,3737.0,https://youtu.be/2v_57amW848,,,0
jUZiLdr-8J0,Cum Town - Zoomers vs Millennials,Elon Bust,2019-09-04T12:18:13Z,164484,2990.0,https://youtu.be/jUZiLdr-8J0,,158,1
UoKA8IEeBB8,Adam Gets Owned,Steven Seagull,2021-02-02T22:15:45Z,164366,2240.0,https://youtu.be/UoKA8IEeBB8,,,0
Nl5H-JmB9yo,Cumtown - RED BARRON AND CAFETERIA FOOD,Thousand Island Stare,2021-11-30T00:49:02Z,164063,1611.0,https://youtu.be/Nl5H-JmB9yo,,,0
amjOoROTn_s,Cum Town - Andre's Steakhouse,Asian Fidance,2020-10-13T18:57:40Z,163445,4043.0,https://youtu.be/amjOoROTn_s,,,0
07_y-P9GJOw,Cum Town - Chris-chan,Mac Sessions,2016-11-29T00:47:32Z,163314,2621.0,https://youtu.be/07_y-P9GJOw,,,0
t8Z8iTa6tkw,CumTown Nick Mullen Nell 2 With Stavros Halkias & Adam Friedland - The McHenry Man Show,The Mchenry Man Show,2021-12-09T16:00:36Z,162702,223.0,https://youtu.be/t8Z8iTa6tkw,,,0
7mbjGIlaNlU,Cum Town - Steve Harvey At Nuremberg,screennames,2022-04-04T04:16:11Z,162578,4224.0,https://youtu.be/7mbjGIlaNlU,,264,1
8H3chF85Yu0,80 for Brady,ClangersTV,2024-12-02T15:25:48Z,162100,3414.0,https://youtu.be/8H3chF85Yu0,44;73,,2
4d3lxIn5mac,Cum Town - Greg Pahanish,Spermany,2020-09-17T15:00:01Z,162049,2484.0,https://youtu.be/4d3lxIn5mac,,42;85,2
x2VNi1kz4Xg,Cum Town - Judge Dredd and the Gay Mask (re-upload),Asian Fidance,2020-09-03T03:31:30Z,161517,3189.0,https://youtu.be/x2VNi1kz4Xg,,,0
MaQNxPAvHHk,Cum Town - Nick The Japanese Father (Re-upload),Asian Fidance,2020-10-19T16:53:33Z,161351,4224.0,https://youtu.be/MaQNxPAvHHk,,,0
c0vFW1ykpjM,Cumtown Episodes To Unite The Nation (69.9 FM The Bust),69.9 FM The Bust,2025-09-14T16:47:56Z,161309,1071.0,https://youtu.be/c0vFW1ykpjM,,,0
3Z8IbKOw1-s,Queer Eye for the Straight Guy | CMTOWN ANIMATED,saul,2025-11-24T17:16:23Z,161119,7111.0,https://youtu.be/3Z8IbKOw1-s,250,,1
NcOvnFqL4pU,Cum Town - Phrenology,Spermany,2018-12-25T22:18:22Z,159874,2879.0,https://youtu.be/NcOvnFqL4pU,,110,1
o1wCBWK4lyw,Nick Getting Annoyed at Stav | CMTOWN ANIMATED,saul,2025-07-20T17:08:32Z,159405,5618.0,https://youtu.be/o1wCBWK4lyw,,103,1
GPJt7S7GSjE,Rastafari Ron Paul  | CMTOWN ANIMATED,saul,2025-04-20T17:10:57Z,159107,4389.0,https://youtu.be/GPJt7S7GSjE,,125,1
aroaT0UOA9g,Cum Town - Belt-Eating Chinese Factory Workers,Tha Wetdad,2019-05-31T01:03:10Z,159008,3232.0,https://youtu.be/aroaT0UOA9g,,,0
aDUI4pLDjLQ,Glory Hole Cop (ft. Nick Mullen)  |  Tim Dillon Bonus Ep 152   -  #cumtown,cumtown clips,2024-10-30T04:02:23Z,158802,1842.0,https://youtu.be/aDUI4pLDjLQ,,152,1
NTzFQsqIx7Y,Cum Town - Black Last Names,Spermany,2019-01-01T17:30:01Z,158352,2155.0,https://youtu.be/NTzFQsqIx7Y,24;27,,2
0z3R2uaUr5I,Liberal Elmo - CMTOWN ANIMATED Reaction,Frankenstein's Lab,2024-06-18T02:57:02Z,158267,3937.0,https://youtu.be/0z3R2uaUr5I,,,0
P0GiPjm42d4,"Cumtown Premium - Episode #6 - Nick Mullen, Adam Friedland, Stavros #cumtown #theadamfriedlandshow",NotAdam,2022-09-09T23:00:10Z,158103,947.0,https://youtu.be/P0GiPjm42d4,,6,1
QUCXQPR9mtU,Red Dead Redemption 2 - Cumtown Podcast,Undisputed Top Ten,2022-05-05T17:06:54Z,157912,1325.0,https://youtu.be/QUCXQPR9mtU,,,0
75U19-Loj5o,Cum Town - Nanette Part 2,Spermany,2020-09-18T15:50:44Z,157732,2204.0,https://youtu.be/75U19-Loj5o,,115;118;126;162,4
wRpGdvmJTHs,"Pretty Sure SNL Stole ""Ratatouille"" Sketch From CumTown",Katie Hughes,2021-02-02T14:00:32Z,156250,5823.0,https://youtu.be/wRpGdvmJTHs,,191,1
k-mylnBARtI,Cum Town Premium: Bully Town,Tube Angel,2018-05-24T03:43:51Z,156235,1701.0,https://youtu.be/k-mylnBARtI,,,0
wWGW_j5W3eE,Cumtown | 199 | **** u 2020,Uncle Merchant ,2025-03-17T12:38:59Z,156195,1053.0,https://youtu.be/wWGW_j5W3eE,,199,1
XOVFUtmO4SU,Cum Town - Adam Friedland at the Black Barbershop (Re-upload),Asian Fidance,2020-10-12T19:23:05Z,155538,2789.0,https://youtu.be/XOVFUtmO4SU,,,0
M3IXzIOwFXs,Cum Town - David Jimenez,Elon Bust,2019-04-04T13:51:52Z,155463,1956.0,https://youtu.be/M3IXzIOwFXs,,,0
RVdfQN-9AYg,Adam Friedland Is A Fash - Cumtown,T.A.F.S,2022-05-29T20:00:09Z,155460,1764.0,https://youtu.be/RVdfQN-9AYg,,,0
V83gUOzKjN4,Nick's Last Date - CUMTOWN ANIMATED,saul,2022-03-17T19:49:18Z,155114,3635.0,https://youtu.be/V83gUOzKjN4,182,,1
7-kBtp-JsT4,Cum Town - N-Word Sniping Adam (Re-upload),Asian Fidance,2020-09-26T14:00:01Z,153841,3766.0,https://youtu.be/7-kBtp-JsT4,,,0
u1YwU6OW4cw,Cumtown | Sydney Sweeney,MentallyChinese,2022-08-13T18:40:23Z,153133,1971.0,https://youtu.be/u1YwU6OW4cw,300,,1
fnfkIsW-Shg,"YKWD #231 - Suicide Calzone (NICK MULLEN, STAVROS HALKIAS)",Robert Kelly's “YKWD” You Know What Dude,2018-06-18T01:00:05Z,151975,1956.0,https://youtu.be/fnfkIsW-Shg,,,0
BE42adA7Dlg,Nick's Gay Club | CMTOWN ANIMATED,saul,2026-03-29T16:20:42Z,151483,6143.0,https://youtu.be/BE42adA7Dlg,,247,1
YnHDzVAbK1g,Detective Assaults 10 inches Man | CMTOWN ANIMATED,saul,2025-06-22T16:59:41Z,150943,4748.0,https://youtu.be/YnHDzVAbK1g,86,,1
cJ9iDiVRgUY,Cumtown - Nicks Run In with the FBI,Crackle In Time,2017-11-29T09:06:09Z,150476,2057.0,https://youtu.be/cJ9iDiVRgUY,,,0
Jnu40hOGuyA,Cum Town - Gay Italian Man Ordering Coffee (Re-upload),Asian Fidance,2020-10-09T20:32:26Z,149944,3463.0,https://youtu.be/Jnu40hOGuyA,,,0
a_OGopmO3B4,Nick's Life as a Deadbeat Dad | CM Town,Crumb Town,2025-01-31T18:18:42Z,149131,2422.0,https://youtu.be/a_OGopmO3B4,191,,1
7eV-mz85QNw,Cumtown   ep31 Gran torino,CumTown Clips,2019-08-06T15:36:11Z,148993,2593.0,https://youtu.be/7eV-mz85QNw,31,,1
7gZzKMNs58I,Home Depot parking lot Laborers | CMTOWN ANIMATED,saul,2025-11-09T19:48:56Z,148537,4516.0,https://youtu.be/7gZzKMNs58I,,,0
3fCG_8i6IU0,Cum Town - Disney Songs,Spermany,2019-02-21T17:30:01Z,148189,1975.0,https://youtu.be/3fCG_8i6IU0,143,,1
FwAO2DKC0Sg,Cum Town - Nick Goes to a Massage Parlor,Spermany,2019-01-31T18:00:01Z,148150,2361.0,https://youtu.be/FwAO2DKC0Sg,140,,1
l9h6jzhlWCY,Cum Town - Cruisin' Joe Returns,Elon Bust,2019-01-19T19:14:51Z,147993,1561.0,https://youtu.be/l9h6jzhlWCY,,,0
XDqgyt8pPA8,Gay Jackass | CMTOWN ANIMATED,saul,2025-02-09T18:10:20Z,146967,6748.0,https://youtu.be/XDqgyt8pPA8,127,,1
YT2xdGLrb8c,Nick Mullen - You're chinese,DJ JayJay,2021-06-22T16:11:27Z,146740,4309.0,https://youtu.be/YT2xdGLrb8c,,,0
0yIL7I_ZPHs,Marc Maron found out that Stav and Nick made fun of him,Town Manager,2025-05-10T20:51:43Z,146437,2020.0,https://youtu.be/0yIL7I_ZPHs,,,0
PkaoGhbPtlA,Adam Gets Put in The Box | CUMTOWN ANIMATED,saul,2023-07-09T18:25:50Z,146263,5809.0,https://youtu.be/PkaoGhbPtlA,315,,1
mVh9l7DsH9Y,Stav's Heartiest Laughs (Cum Town),Unregistered Assault Butter Knife,2020-12-29T00:03:34Z,146125,2753.0,https://youtu.be/mVh9l7DsH9Y,,,0
6jS54Evko0Q,Aaron Rodgers and the NFL Problem - CUMTOWN ANIMATED,saul,2023-07-30T17:10:07Z,146049,2911.0,https://youtu.be/6jS54Evko0Q,,19,1
s_Z_k_yFX5M,Liberty Mutal Gay Insurance | Cumtown,Cum Town Archive,2022-09-30T14:00:25Z,145919,2294.0,https://youtu.be/s_Z_k_yFX5M,,,0
OeRbAzIHTAM,Tucker Carlson,PodcastArcade,2022-05-06T15:00:11Z,145726,3024.0,https://youtu.be/OeRbAzIHTAM,,,0
nRmZ_vnGkwo,Stav Got Arrested - CUMTOWN ANIMATED,saul,2023-02-06T22:27:11Z,145436,5666.0,https://youtu.be/nRmZ_vnGkwo,245,,1
shkEZiRcZ8c,The Censored BEEP Noise - Best Cum Town Bits,The CTown Podcast Archive,2019-12-14T05:51:20Z,145357,2707.0,https://youtu.be/shkEZiRcZ8c,185,,1
5l66MIUe3xk,Cum Town - Uncut Gems Review,Asian Fidance,2020-08-14T14:02:36Z,145216,2375.0,https://youtu.be/5l66MIUe3xk,191,,1
OBmv35f84-I,Probably Stav's Favorite Bit - CUMTOWN ANIMATED,saul,2022-06-21T21:51:15Z,145155,3852.0,https://youtu.be/OBmv35f84-I,167,,1
JOrZMV03-JY,Cum Town - Meaning of Life,Cum Radio,2021-09-26T03:53:25Z,145016,2897.0,https://youtu.be/JOrZMV03-JY,,,0
LtphjdXZZco,Nicks Forbidden Bit - CMTOWN ANIMATED Reaction,Frankenstein's Lab,2024-08-04T17:53:02Z,144211,3279.0,https://youtu.be/LtphjdXZZco,,,0
zmO6XTYn0RA,Cum Town - Gay Trump,Spermany,2019-01-30T18:00:04Z,143925,2055.0,https://youtu.be/zmO6XTYn0RA,,119,1
7wPhU7frjYA,Getting Sued by Nintendo | CMTOWN ANIMATED,saul,2024-06-16T17:48:48Z,142925,3599.0,https://youtu.be/7wPhU7frjYA,,159,1
6vsAdjqnyfo,Harassing Car Dealership Employees | CMTOWN ANIMATED,saul,2025-08-31T16:50:33Z,142843,3996.0,https://youtu.be/6vsAdjqnyfo,158,,1
E0VoaE9ll4k,Bernie Sanders Town Hall - Best Cum Town Bits,The CTown Podcast Archive,2019-12-04T22:30:00Z,142413,2549.0,https://youtu.be/E0VoaE9ll4k,,,0
0tg0D1o5PWc,Nick Mullen Greatest Prank Call - Movie Theater Pants,PodcastHallofFame,2024-05-10T09:16:41Z,142355,2715.0,https://youtu.be/0tg0D1o5PWc,,,0
J2urGT6Sdng,The Lost Episodes - Cum Town Animated,GRIFT ROCKET,2019-03-12T15:27:29Z,142175,3749.0,https://youtu.be/J2urGT6Sdng,,,0
QMP4nTR8G-I,"Cum Town - Andrew Yang is very ""embarrassed"" (re-upload)",Asian Fidance,2020-09-02T20:00:46Z,141957,2997.0,https://youtu.be/QMP4nTR8G-I,,,0
S8fCeCxgwoM,Cum Town   Stealing,CumTown Clips,2019-08-04T14:43:27Z,141897,1828.0,https://youtu.be/S8fCeCxgwoM,,,0
9B4XAUIsaJ4,Cum Town - Nick's Dead Son,Elon Bust,2019-03-21T18:48:23Z,141860,2674.0,https://youtu.be/9B4XAUIsaJ4,,,0
FZzVytjoJVc,Cum Town 5/20/20 - Episode 208,The Adam Friedland Show,2020-05-20T22:46:01Z,141816,1982.0,https://youtu.be/FZzVytjoJVc,5;208,,2
Rd1zIJgx_m8,Cum Town - Animal Crackers,Spermany,2019-01-23T19:00:01Z,141316,2406.0,https://youtu.be/Rd1zIJgx_m8,54;117,,2
WoSsxjUM_ss,Cum Town - Al Pacino/Tracy Chapman Impressions (Re-upload),Asian Fidance,2020-09-28T15:30:03Z,141030,2652.0,https://youtu.be/WoSsxjUM_ss,,,0
jAo7Eh0JrAc,Stav Absolutely Fumbles the Bit | CMTOWN ANIMATED,saul,2026-01-11T18:33:34Z,141021,4984.0,https://youtu.be/jAo7Eh0JrAc,,294,1
p-BncIfJSS8,Adams Best Joke - Cumtown Podcast,Undisputed Top Ten,2022-04-28T16:07:15Z,140828,1564.0,https://youtu.be/p-BncIfJSS8,,,0
2T4V0tPV1QA,Friends Spec Script,CreamiumClips,2023-02-06T06:43:58Z,140825,1452.0,https://youtu.be/2T4V0tPV1QA,,,0
4ptwFPs6fTU,The Simpsons | CMTOWN ANIMATED,saul,2024-10-06T16:10:09Z,140816,6432.0,https://youtu.be/4ptwFPs6fTU,256,,1
X42697v3z04,Cum Town - Thursday Boots Live Read 1/23/2019,Elon Bust,2019-01-25T20:35:14Z,140684,2234.0,https://youtu.be/X42697v3z04,139,,1
ZpJDIMrnMKI,The Cum Town VS Cumia Saga (2017),Elon Bust,2020-01-23T05:23:19Z,140601,1803.0,https://youtu.be/ZpJDIMrnMKI,35,18,2
ETMl4dFJe3s,Nick tells Adam he has “fake empathy” | Cumtown,totalfagetown,2024-02-28T14:15:08Z,140515,1733.0,https://youtu.be/ETMl4dFJe3s,74,,1
x7kMWiKiiAM,Cum Town - Nick's Secret Message For The Fans (Re-upload),Asian Fidance,2020-09-12T13:45:01Z,140493,2407.0,https://youtu.be/x7kMWiKiiAM,,,0
4eOsE2b0IMU,Cum Town - Non-White School Shooters,Welcome To Society,2018-09-30T18:36:01Z,140378,4181.0,https://youtu.be/4eOsE2b0IMU,,,0
3J81v2NLo88,Cumtown - why Ben Shapiro talks so weird,Cumtry Roads,2023-01-03T16:04:56Z,139761,3738.0,https://youtu.be/3J81v2NLo88,,,0
QTS0p0dyEZU,Michael Douglas Drama | CMTOWN ANIMATED,saul,2024-03-10T18:41:32Z,139328,3044.0,https://youtu.be/QTS0p0dyEZU,,200,1
8SRfUFgarco,Cum Town - Ep. 25 - Playing Pretend,Eternal Podcasts,2020-12-09T07:00:03Z,139105,825.0,https://youtu.be/8SRfUFgarco,25,,1
Fk0vYGGFCRI,Woke Falling Down: Michael Douglas' anti-capitalist epiphany | CMTOWN ANIMATED,saul,2025-10-05T16:39:45Z,138058,4563.0,https://youtu.be/Fk0vYGGFCRI,,49,1
_Bz9XgTd16M,Cum Town: Jim Gaffigan,Rhiannon Krausz,2017-06-09T08:10:59Z,138031,1779.0,https://youtu.be/_Bz9XgTd16M,,,0
xPzV3ssvI_M,Nick Mullen's Family,Dudes Rock,2023-11-19T19:40:18Z,137806,1931.0,https://youtu.be/xPzV3ssvI_M,,,0
XBOl9tfvprM,Cum Town - Fluke,Elon Bust,2019-04-23T19:23:11Z,137688,1951.0,https://youtu.be/XBOl9tfvprM,,,0
oOCJhq1e_c0,Cumtown - Adam & Stavs BIG argument,Michael,2023-06-02T02:56:52Z,137416,1979.0,https://youtu.be/oOCJhq1e_c0,250,,1
DuYmdyOV4js,Cum Town: Breakups/Regrets,Daniel Devito,2019-10-15T19:11:17Z,137049,2405.0,https://youtu.be/DuYmdyOV4js,,,0
sXBGxQnp0BE,Basketball Camp (PERSEVERANCE) - Best Cum Town Bits,The CTown Podcast Archive,2019-11-10T04:07:46Z,136250,2205.0,https://youtu.be/sXBGxQnp0BE,65,,1
ZKKMcM1cE0w,Cumtown | Nick's African Guy Compilation,CoomToon,2022-05-03T19:32:49Z,135657,1963.0,https://youtu.be/ZKKMcM1cE0w,27,16;24;46;49;63;65;138,8
boHl45qP9G8,Cum Town - Christopher Walken,Nicholas,2020-03-27T02:19:03Z,135527,2676.0,https://youtu.be/boHl45qP9G8,132;164,38,3
EmVpM3_jMzg,nick mullen sings the greek national anthem,Teknuhlawgik,2017-02-06T01:23:11Z,135281,4307.0,https://youtu.be/EmVpM3_jMzg,,,0
AWycaTyLi7A,Cum Town Premium - 26 Apr 2020,Filmshake,2020-04-26T20:58:49Z,134881,2252.0,https://youtu.be/AWycaTyLi7A,,26,1
-ihD0wKrsZs,Adam Friedland talking about WHY he changed the name from Cum Town,The Sweater Brothers Innocence Project,2022-07-15T12:00:00Z,134864,1647.0,https://youtu.be/-ihD0wKrsZs,,,0
5x3y1ITNMtg,Cum Town   Trashing Other Peoples Jokes,CumTown Clips,2019-08-04T12:47:40Z,134695,1526.0,https://youtu.be/5x3y1ITNMtg,,,0
vFR4hXASLuI,Cum Town - Joyce (Adam's Ex-Girlfriend),Asian Fidance,2020-10-19T16:58:54Z,134637,2292.0,https://youtu.be/vFR4hXASLuI,,,0
qGDHVTfKkqI,Cumtown - Indian Government Robot,Thousand Island Stare,2021-07-16T21:17:53Z,134014,2376.0,https://youtu.be/qGDHVTfKkqI,,,0
NwPRA7MHbM8,Cum Town - Intellectually Disabled Pickup Artist (re-upload),Asian Fidance,2020-09-11T14:15:01Z,133948,3031.0,https://youtu.be/NwPRA7MHbM8,,,0
5fWlsiAWBqQ,birthday boy (2-10-2019) - Cum Town Premium (EP 127),The CTown Podcast Archive,2019-05-07T20:03:35Z,133850,914.0,https://youtu.be/5fWlsiAWBqQ,,127,1
mjKXWj0CasA,Cringe Youth Pastor | CMTOWN ANIMATED,saul,2025-04-13T17:42:21Z,133556,3763.0,https://youtu.be/mjKXWj0CasA,69,,1
5wTJ4wrVb68,Indian Sopranos | CM Town,Crumb Town,2025-02-20T20:39:41Z,133304,2842.0,https://youtu.be/5wTJ4wrVb68,233,,1
TTsOjtnV838,CUM TOWN: Bill Maher the N****r Guy,Next Stop Cum Town,2017-06-06T06:01:05Z,133138,2931.0,https://youtu.be/TTsOjtnV838,,,0
EGdXFAh-SqI,Cum Town - TMNT,Elon Bust,2020-01-28T07:35:52Z,132926,2597.0,https://youtu.be/EGdXFAh-SqI,191,,1
mG6tgVb5CIE,Stav Witnessed a Crime | CUMTOWN ANIMATED,saul,2023-10-08T16:54:51Z,132300,4363.0,https://youtu.be/mG6tgVb5CIE,,,0
xutrDxUGmXg,Cats the Musical | CumTown,Town Manager,2023-12-12T04:33:03Z,132067,1714.0,https://youtu.be/xutrDxUGmXg,187,,1
XSW3XNmgFWA,"Destiny Debates Host of 'Cumtown', Loses",BadEmpanada Live,2024-12-19T20:46:16Z,131572,4893.0,https://youtu.be/XSW3XNmgFWA,,,0
KaiLliYH1VY,Eric Clapton | CMTOWN ANIMATED,saul,2024-01-07T18:42:40Z,130909,3846.0,https://youtu.be/KaiLliYH1VY,,,0
w2GsAF7maE8,Nick Mullen on Epstein PART 3 (The Nihilistic Spiral),Elon Bust,2019-10-27T22:47:58Z,130858,1774.0,https://youtu.be/w2GsAF7maE8,166;167;168;175,153;155,6
lBvUziWNmbY,Cumtown - Pan communist mountain mama,Bobby Sandiego,2023-04-26T02:44:49Z,130719,1325.0,https://youtu.be/lBvUziWNmbY,,,0
tZ5HoOjVDBQ,Cumtown | Burt Reynolds,MentallyChinese,2021-07-18T12:30:09Z,130075,706.0,https://youtu.be/tZ5HoOjVDBQ,268,,1
O7KsV7e0lAc,Cum Town - Jerry Seinfeld Unleashed,Reese Withered-Poon,2023-03-02T09:32:31Z,130036,2625.0,https://youtu.be/O7KsV7e0lAc,,,0
_jTboqfMEbo,Nick Mullen's Adulthood Rant - Best Cum Town Bits,The CTown Podcast Archive,2019-03-24T20:31:02Z,129596,1993.0,https://youtu.be/_jTboqfMEbo,,22,1
aRMdb2jMAbU,CumTown | Best of 2021,Geigui,2022-03-05T12:30:01Z,129123,1537.0,https://youtu.be/aRMdb2jMAbU,241;242;244;245;246;247;248;249;252;253;254;255;258;259;260;263;267;268;275;280;286;288;290;291,229;230;233;234;235;236;241;242;245;246;249;250;252;253;254;265;268;272;273,43
WhzN-kvUExo,Cum Town - Dating Shows,Spermany,2019-01-28T20:00:01Z,129067,2084.0,https://youtu.be/WhzN-kvUExo,,119,1
BtIKEeum82c,Cum Town: Norm Macdonald,Daniel Devito,2019-12-23T10:51:17Z,128917,3477.0,https://youtu.be/BtIKEeum82c,,,0
wMzlu_0GzPo,Cum Town - Making fun of Stav's Standup Compilation (Re-upload),Asian Fidance,2020-10-08T19:02:49Z,128874,1959.0,https://youtu.be/wMzlu_0GzPo,,,0
yzJZtaWFB_s,Cum Town | Nick Mullen Impressions Collection (2 Hours),theknobking,2025-04-01T19:09:00Z,128823,1985.0,https://youtu.be/yzJZtaWFB_s,,,0
zWWjWoWdNyw,Cum Town - Israeli Defense Forces IDF,Bheemoth,2018-05-26T07:09:13Z,128293,1879.0,https://youtu.be/zWWjWoWdNyw,,,0
WD_zqR4Xkng,Cum Town - Nick Asking Adam to make him Coffee Compilation (Re-upload),Asian Fidance,2020-10-18T14:00:10Z,127311,1919.0,https://youtu.be/WD_zqR4Xkng,,,0
uihlUWggWJo,Helping Out the Secret Police | CMTOWN ANIMATED,saul,2025-01-05T18:41:44Z,127309,3863.0,https://youtu.be/uihlUWggWJo,46,,1
wJVMHp3HEsA,Cum Town - Threatening Pedophile Ray Romano,La Ville du Cum,2018-06-15T13:43:15Z,127037,2062.0,https://youtu.be/wJVMHp3HEsA,107,,1
ecUO3zlrl3g,Cum Town - Stav accidentally mentioning the Witten drama (Re-upload),Asian Fidance,2020-09-29T14:00:08Z,126859,2517.0,https://youtu.be/ecUO3zlrl3g,,,0
sObqS5lwDTc,Cum Town - It's Common Decency,Spermany,2019-01-19T18:04:33Z,126846,1973.0,https://youtu.be/sObqS5lwDTc,127,,1
3G6CjTv_GoU,CumTown - Agent Jack Hitlerson,Chief DoubleDown,2021-05-08T14:00:03Z,126477,2132.0,https://youtu.be/3G6CjTv_GoU,258,,1
b3QFupBTg9Q,Cum Town - Racist parents and grandparents (Contingency),Pieceofshit Jones,2017-05-10T16:35:01Z,125776,1916.0,https://youtu.be/b3QFupBTg9Q,13,,1
Gn6ocKe64ZA,Cum Town - Nick Mullen's Coin Collection,Dutch Van Der Cum,2019-01-14T16:43:23Z,125464,1561.0,https://youtu.be/Gn6ocKe64ZA,,,0
1vzT60MfTiQ,CumTown - Flight Captain Mullen,MIKE HOCK,2025-01-29T23:13:54Z,125321,1265.0,https://youtu.be/1vzT60MfTiQ,,,0
G2FIn519l6Q,Mentally Challenged Kid is Trumps Biggest Fan | CMTOWN ANIMATED,saul,2025-02-23T19:28:17Z,125038,4251.0,https://youtu.be/G2FIn519l6Q,,,0
yce6-MfxK1s,Forrest Gump is a Bad Movie - CMTOWN ANIMATED Reaction,Frankenstein's Lab,2024-07-16T19:41:43Z,125005,2950.0,https://youtu.be/yce6-MfxK1s,,,0
Vg3ExOCzGwI,Traumatized Cholo (Fugue State),saul,2022-11-22T19:21:37Z,124757,5062.0,https://youtu.be/Vg3ExOCzGwI,224,,1
ptuoJRhQHKc,Snatch Adams (Cum Town),The Brocialist,2018-02-25T06:54:36Z,122717,1613.0,https://youtu.be/ptuoJRhQHKc,,,0
CAnqATCocBE,Cum Town - Workplace Gossiping as if they're Teenagers,Asian Fidance,2020-07-12T05:06:00Z,122695,2557.0,https://youtu.be/CAnqATCocBE,,,0
9oMcjzQsLe8,Cumtown - Indiana Lego Jones,John God,2022-01-06T03:26:43Z,122640,2343.0,https://youtu.be/9oMcjzQsLe8,,,0
M00Z1EoOTYI,Friends spec script - Cum Town,Pyongyang State University Official,2019-04-19T22:20:09Z,122420,2125.0,https://youtu.be/M00Z1EoOTYI,,,0
cZn8U58-0PM,Tango Down (12-11-2017) - Cum Town Premium (EP 65),The CTown Podcast Archive,2019-03-28T20:45:29Z,122367,849.0,https://youtu.be/cZn8U58-0PM,,65,1
ayXQd1LgUQM,Bullying disabled kids in Middle school | CMTOWN ANIMATED,saul,2025-09-14T16:43:15Z,122101,3891.0,https://youtu.be/ayXQd1LgUQM,158,,1
iy94IvMwmOM,Nick Book tour | CMTOWN ANIMATED,saul,2026-04-12T16:48:48Z,121768,4605.0,https://youtu.be/iy94IvMwmOM,,,0
vp56xgFW_MM,Hasanabi Reacts To Cumtown Making Fun Of Him,Hasanabi Reactions,2021-09-10T18:48:57Z,121553,2583.0,https://youtu.be/vp56xgFW_MM,276,,1
jmac4CiVLOU,Cum Town - Die Hard: N,Spermany,2018-12-30T20:45:01Z,121529,2229.0,https://youtu.be/jmac4CiVLOU,128,,1
mj_aMNz0oVU,Jackass - Cum Town Animated,GRIFT ROCKET,2019-01-22T16:26:22Z,121250,2874.0,https://youtu.be/mj_aMNz0oVU,127,,1
Kw5b9XtOlpM,Cum Town - Singin' in the Rain,Spermany,2018-12-02T21:36:23Z,121191,1732.0,https://youtu.be/Kw5b9XtOlpM,24,24,2
_VdsNlPl6v8,Cum Town - Michael Penis (Re-upload),Asian Fidance,2020-09-26T13:15:04Z,121158,3133.0,https://youtu.be/_VdsNlPl6v8,,,0
tXlKn0Vscz8,Cumtown | Leaving Neverland,MentallyChinese,2021-01-30T16:13:52Z,120995,1535.0,https://youtu.be/tXlKn0Vscz8,,,0
A0fs3XT1uEo,Italian Downs | Cumtown,Cum Town Archive,2022-09-11T14:30:03Z,120992,1419.0,https://youtu.be/A0fs3XT1uEo,,,0
jxQ_exb8678,Stavros Halkias talks to Joe Rogan about why he left Cum Town,The Viceregal Archive,2022-12-15T04:27:26Z,120895,1076.0,https://youtu.be/jxQ_exb8678,,,0
3rJnO2U1T2I,Is Stav Packing? - Cumtown,Huey Barrymore,2023-04-28T21:47:45Z,120307,1066.0,https://youtu.be/3rJnO2U1T2I,,175,1
cVloAH5bkCs,Joe Depeche Mode and Joker Lobster | CMTOWN ANIMATED,saul,2025-06-15T18:40:17Z,119438,3584.0,https://youtu.be/cVloAH5bkCs,156,,1
3hs7-dOI_Gs,Reddit is pathetic - Cum Town,Pyongyang State University Official,2019-04-01T00:50:41Z,119324,2926.0,https://youtu.be/3hs7-dOI_Gs,,,0
8jJzry7MNX4,Stav's Second Heartiest Laughs (Cum Town),Unregistered Assault Butter Knife,2021-06-01T06:18:37Z,119159,2220.0,https://youtu.be/8jJzry7MNX4,,,0
C884fsX8TCU,Cum Town - The DSA/Nick's Dad,Elon Bust,2019-04-25T13:19:11Z,119109,1593.0,https://youtu.be/C884fsX8TCU,,,0
w24HK96p0AM,Hotep - CUMTOWN ANIMATED,saul,2022-09-30T11:19:54Z,118752,3083.0,https://youtu.be/w24HK96p0AM,,,0
BxQSgVGh2AY,"Cumtown Animated: Nick's New product, the Cussboy",dinosaur club,2022-03-31T00:33:53Z,117960,3493.0,https://youtu.be/BxQSgVGh2AY,,,0
BCTaFsDGVbY,CUMTOWN - Spirit Animals,Comedy Podcast Gold,2018-06-05T05:21:20Z,117447,1267.0,https://youtu.be/BCTaFsDGVbY,,,0
76Wl1BcpbXc,Cum Town  - George Lopez,Alex Farah,2019-11-19T01:35:03Z,117425,1895.0,https://youtu.be/76Wl1BcpbXc,179,,1
hZwsiL6AI3o,"cumtown Nick's legendary impressions Joe Biden, Nicholas Cage, Robert Duval, Regis, Jeff Goldbloom",SHODOHC,2023-03-22T12:47:40Z,117129,1247.0,https://youtu.be/hZwsiL6AI3o,,,0
v_hkK90S-30,Andre’s Steakhouse - CMTOWN Reaction,Frankenstein's Lab,2024-07-04T02:24:07Z,117126,3551.0,https://youtu.be/v_hkK90S-30,,,0
YRDktDk_VmI,Ronald McDonald | CMTOWN ANIMATED,saul,2024-09-22T19:17:06Z,116623,3825.0,https://youtu.be/YRDktDk_VmI,,253,1
R1gdQxxghnA,Gene Roddenberry - Cumtown Podcast,Undisputed Top Ten,2022-05-17T16:28:57Z,116137,1125.0,https://youtu.be/R1gdQxxghnA,,,0
mo2kgynyXtI,The Forbidden Zone - Cumtown Ep 111,Sleepy Boys,2023-02-04T02:30:24Z,115873,990.0,https://youtu.be/mo2kgynyXtI,111,,1
N2n5TpyNl5I,Cum Town - Joe Biden,deathofaclown,2020-12-05T06:09:57Z,115761,1407.0,https://youtu.be/N2n5TpyNl5I,,,0
ls58wQdIzBw,Adam's Black Son | CM Town,Crumb Town,2025-03-22T07:33:10Z,115557,2226.0,https://youtu.be/ls58wQdIzBw,111,,1
5vvaWTd8jko,what psychosis looks like - CUMTOWN ANIMATED,saul,2023-07-17T17:14:03Z,115495,4675.0,https://youtu.be/5vvaWTd8jko,315,,1
2YmD8uMSy-k,so I cant eat spicy food anymore (1-28-2019) - Cum Town Premium (EP 126),The CTown Podcast Archive,2019-05-07T20:04:57Z,115114,1052.0,https://youtu.be/2YmD8uMSy-k,,126,1
A_GEJX9KH50,Cumtown Animated: Nick Mullen's Hilarious Sketch Idea,dinosaur club,2022-05-31T08:30:01Z,114863,3914.0,https://youtu.be/A_GEJX9KH50,,,0
6PaecbT6QHU,Bleep Texas ft. Felix (1-26-2020) - Cum Town Premium (EP 168),The CTown Podcast Archive,2020-01-27T01:42:49Z,114789,1247.0,https://youtu.be/6PaecbT6QHU,,168,1
xPaBzWQZq00,Sinatra on 9/11 | CMTOWN ANIMATED,saul,2026-01-04T20:25:23Z,114332,4710.0,https://youtu.be/xPaBzWQZq00,301,,1
Hugh_FrDsAk,Cum Town - Those Were The Days,ClangersTV,2019-11-13T12:21:27Z,114210,2666.0,https://youtu.be/Hugh_FrDsAk,147;180,,2
CAOl59ldcW8,Vore v Futanari (11-24-2019) - Cum Town Premium (EP 159),The CTown Podcast Archive,2019-11-25T21:46:55Z,114189,1063.0,https://youtu.be/CAOl59ldcW8,,159,1
7Bh4x_YEBs0,Tv Judge | CMTOWN ANIMATED,saul,2025-07-27T18:20:57Z,114140,3364.0,https://youtu.be/7Bh4x_YEBs0,,,0
oU4jSsCMKgc,Jizzo (8-25-2019) - Cum Town Premium (EP 157),The CTown Podcast Archive,2019-08-26T04:01:27Z,113715,1028.0,https://youtu.be/oU4jSsCMKgc,,157,1
GVHUMOlsx2o,CUM TOWN - Adams Reading Corner,Comedy Podcast Gold,2018-05-30T19:03:15Z,113515,884.0,https://youtu.be/GVHUMOlsx2o,,,0
gkH8HeiZq3s,cumtown Nick's Future Family in His Head- EXPLAINED,SHODOHC,2023-03-24T00:47:46Z,113313,1676.0,https://youtu.be/gkH8HeiZq3s,,,0
xjx8UWI5B88,Cum Town - Adam's Greatest Secret Revealed (re-upload),Asian Fidance,2020-09-03T03:17:39Z,113159,2094.0,https://youtu.be/xjx8UWI5B88,,,0
lY82Zj6xKIs,Cum Town - Meatwad Katt Williams (re-upload),Asian Fidance,2020-09-03T03:29:01Z,113012,2656.0,https://youtu.be/lY82Zj6xKIs,,,0
B3tecFGRgGI,Cumtown Nick Mullen - PewDiePie Twitch and Gaming,Comedy Podcast Gold,2018-05-22T21:28:38Z,112945,1355.0,https://youtu.be/B3tecFGRgGI,,,0
zLeQ5VEb75Y,Cumtown - Monster Trucks,Thousand Island Stare,2021-09-25T22:13:39Z,112832,924.0,https://youtu.be/zLeQ5VEb75Y,,,0
Qa736t_jWfA,Nick Mullen on LOSER Andrew Cuomo | The Best of Nick Mullen,Cum Town Archive,2025-11-03T16:00:43Z,112529,2107.0,https://youtu.be/Qa736t_jWfA,1,,1
KacCOhf6YCQ,Cum Town - Chuck Norris Jokes,Elon Bust,2019-02-26T02:03:09Z,112515,1509.0,https://youtu.be/KacCOhf6YCQ,,123,1
bojjEORGBu4,Jackie Chan Sopranos | CMTOWN ANIMATED,saul,2026-03-08T18:24:14Z,112511,4385.0,https://youtu.be/bojjEORGBu4,,141,1
DOJkd_XK-RA,Cum Town - How to Lose a Sponsor,Spermany,2019-01-31T20:00:01Z,112299,1230.0,https://youtu.be/DOJkd_XK-RA,140,,1
bTPDoLaZv_M,Get ready to learn Chinese 🇨🇳📚 #theadamfriedlandshow #comedy,TAFSpod🌸,2023-10-21T02:02:40Z,111681,3317.0,https://youtu.be/bTPDoLaZv_M,,,0
DcRF6Oynb2U,You Are NOT!!!  |  CumDowns  🏳️‍🌈 💦,CumDowns,2022-12-18T11:18:18Z,111633,,https://youtu.be/DcRF6Oynb2U,,,0
zobNdP7YzUo,Israeli Defense Force - Cumtown,T.A.F.S,2023-04-26T19:00:32Z,111496,1776.0,https://youtu.be/zobNdP7YzUo,,,0
Sp4TyIPepCU,Cum Town - N-Word Sniper,Spermany,2019-02-09T19:30:00Z,110969,1482.0,https://youtu.be/Sp4TyIPepCU,132,,1
h27hBddvok0,CUMTOWN - STAVVYBABY IRL Stream  Dasha Q & A,Comedy Podcast Gold,2018-06-08T02:35:17Z,110954,1106.0,https://youtu.be/h27hBddvok0,,,0
v9lhzT99M8k,No Country for Gay Old Men | AI C*mtown,Crumb Town,2025-01-24T22:06:30Z,110901,2048.0,https://youtu.be/v9lhzT99M8k,,,0
CiqTz5_2Wec,"Nick's Father, Heinrich Mullen | Cumtown",Webisu,2021-08-10T00:45:00Z,110892,1942.0,https://youtu.be/CiqTz5_2Wec,,33,1
OnrsYhL55nU,Nick Misses Donald | Cumtown,Webisu,2021-08-05T00:45:00Z,110661,2272.0,https://youtu.be/OnrsYhL55nU,,247,1
kAIAcaRx9i0,"🏳️‍🌈💦 Nick Mullen Tears Down His Friend's Identity | Kanye West Out, Folk Music  |  CumDowns  🏳️‍🌈 💦",CumDowns,2022-11-02T12:27:44Z,110443,,https://youtu.be/kAIAcaRx9i0,,,0
EUFPpwNVYaw,Dan Schneider | CMTOWN ANIMATED,saul,2024-03-31T17:00:07Z,110208,3979.0,https://youtu.be/EUFPpwNVYaw,,,0
WqRQ365AWzw,Ben Shapiro - CUMTOWN ANIMATED,saul,2022-07-06T14:51:30Z,109732,2973.0,https://youtu.be/WqRQ365AWzw,225,,1
V-Vcxp1gsoU,Electric Wizard | CMTOWN ANIMATED,saul,2026-01-18T18:30:30Z,109663,4241.0,https://youtu.be/V-Vcxp1gsoU,251,,1
-O_S6LTj3FE,Cum Town - Chinese Nick opens up about his crippling depression,Elword Enward,2021-02-03T08:24:30Z,109393,2769.0,https://youtu.be/-O_S6LTj3FE,,204,1
5Uivsz8IVgI,Cum Town Premium: The Banana Boat (Bonus 78),Tube Angel,2018-07-08T17:49:24Z,109278,695.0,https://youtu.be/5Uivsz8IVgI,,78,1
_A07Fx3xLvI,Cum Town   Aqua Teen Hunger Force,CumTown Clips,2019-08-06T15:36:10Z,109223,1865.0,https://youtu.be/_A07Fx3xLvI,,,0
GbzvZqAJxYw,Cum Town - Nick's Racist Standup,Spermany,2018-12-02T11:28:39Z,109148,1320.0,https://youtu.be/GbzvZqAJxYw,,70;84,2
SKNn4CIJowc,gender assignment gun (9-15-2019) - Cum Town Premium (EP 149),The CTown Podcast Archive,2019-09-15T21:25:45Z,108983,1035.0,https://youtu.be/SKNn4CIJowc,,149,1
-sk7y26236A,Imagine the possibilities (12-15-2019) - Cum Town Premium (EP 162),The CTown Podcast Archive,2019-12-16T21:28:59Z,108612,1605.0,https://youtu.be/-sk7y26236A,,162,1
Jqy9SRieZ-Y,Cumtown -  Electric Wizard,ArchaicFiles ,2022-01-16T01:23:39Z,108478,3112.0,https://youtu.be/Jqy9SRieZ-Y,251,,1
s5Im5RocAyk,Threatening Ray Romano - Cum Town Animated,GRIFT ROCKET,2018-10-23T03:51:51Z,108444,1895.0,https://youtu.be/s5Im5RocAyk,107,,1
2LxiZiV-cNA,Cum Town - Mortal Kombat (Visuals + Song Rendition),Asian Fidance,2021-04-20T12:06:48Z,108427,2459.0,https://youtu.be/2LxiZiV-cNA,96,90;167,3
kT6ZjGxpEGs,Cum Town - Downsald Trump,La Ville du Cum,2018-04-14T17:11:32Z,108369,1169.0,https://youtu.be/kT6ZjGxpEGs,98,,1
08itiPhgm2o,The Sniper - CUMTOWN ANIMATED,saul,2022-03-28T18:42:45Z,108185,2400.0,https://youtu.be/08itiPhgm2o,132,,1
wqbGGzQsrcw,Cumtown - Nick's Chinatown Apartment,Thousand Island Stare,2021-12-21T23:32:34Z,108115,1218.0,https://youtu.be/wqbGGzQsrcw,,,0
fzUzmIkhyYA,Cumtown: Nick and Stav have an argument and it IS funny,SteelingCable,2022-09-15T04:01:56Z,108090,1772.0,https://youtu.be/fzUzmIkhyYA,,,0
-Tp-4F7SQws,Fauci's Worst Take on Rachel Maddow | CUMTOWN ANIMATED,saul,2023-09-19T12:15:38Z,108018,2417.0,https://youtu.be/-Tp-4F7SQws,301,,1
Yhz2ltmcoQc,pull over your gay,fart,2020-05-25T18:52:41Z,108012,5188.0,https://youtu.be/Yhz2ltmcoQc,,,0
lzmr3HXkS1E,CumTown | Best of 2020,Geigui,2022-03-05T12:15:02Z,107974,898.0,https://youtu.be/lzmr3HXkS1E,4;188;189;190;191;192;193;195;196;197;198;199;200;201;203;204;206;208;209;210;211;212;213;214;215;217;218;219;220;221;223;225;227;230;231;232;234;235;236;237;238;239;240,5;6;177;178;179;180;181;182;185;186;187;188;190;191;192;193;195;197;198;199;201;204;205;207;208;211;212;213;215;216;219;220;223;224;226;227;228,80
QJHJgMD1Bw8,Jedi Mind Tricks - Cum Town Animated,GRIFT ROCKET,2019-07-09T15:30:51Z,107945,2512.0,https://youtu.be/QJHJgMD1Bw8,,,0
Itr_7Sxgpuw,CUM TOWN: Steven Seagal in Sniper Special Ops,Next Stop Cum Town,2017-06-04T06:53:19Z,107715,2061.0,https://youtu.be/Itr_7Sxgpuw,36,,1
HsKirDByJ80,Harry Potter and the Juicy... | Cumtown,Webisu,2021-07-12T00:30:02Z,107029,1239.0,https://youtu.be/HsKirDByJ80,,66;163,2
4uXq7ku6eWI,Nick Mullen's Best SIMPSONS Impressions | Best of Nick Mullen,Cum Town Archive,2025-09-10T18:00:06Z,106924,1906.0,https://youtu.be/4uXq7ku6eWI,,,0
PfqMnBstb9M,British Stand-Up Sucks | CMTOWN ANIMATED,saul,2024-05-20T17:22:07Z,106833,2871.0,https://youtu.be/PfqMnBstb9M,,,0
Xx5SH0nwQ4Q,Cum Town Ep.23 - My New Drug Problem (10/20/2016),Tube Angel,2018-09-26T04:18:20Z,106165,867.0,https://youtu.be/Xx5SH0nwQ4Q,23,,1
9WG9gpXjFWc,Nick's Star Trek - CUMTOWN ANIMATED,saul,2022-04-24T15:43:37Z,105610,2799.0,https://youtu.be/9WG9gpXjFWc,151,,1
6TpdUiD7iUs,Cum Town - Back in Time,deathofaclown,2021-01-24T03:15:51Z,105218,2020.0,https://youtu.be/6TpdUiD7iUs,,,0
sunVmqPm4OY,Instagram Murder Mystery,PodcastArcade,2021-11-24T16:00:25Z,104676,980.0,https://youtu.be/sunVmqPm4OY,,,0
QD_EugCA86Y,Korean Jewish Bill Cosby | CMTOWN,Crumb Town,2025-05-24T17:25:39Z,104595,2637.0,https://youtu.be/QD_EugCA86Y,,75,1
yfN1Pnz2JVM,Cum Town - Lasagna Davis,PodcastArcade,2021-10-18T15:54:49Z,104468,1540.0,https://youtu.be/yfN1Pnz2JVM,,,0
rb0WDEnStFQ,Nanette 2 - Cum Town,J Town,2022-06-17T15:55:13Z,104325,1718.0,https://youtu.be/rb0WDEnStFQ,,,0
Aqc_hZHWPI4,"yeah, no, I don't think that's in the film, Nick",saul,2026-04-19T17:13:05Z,104042,4128.0,https://youtu.be/Aqc_hZHWPI4,313,,1
IcAZywQIc1s,Cumtown - Joker Christ,Cum Fred Town Edit,2023-01-05T16:00:08Z,103442,2433.0,https://youtu.be/IcAZywQIc1s,,,0
4sFKpYC9kpI,Cum Town - News From Las Vegas,Spermany,2019-01-25T18:00:00Z,102861,1006.0,https://youtu.be/4sFKpYC9kpI,75,,1
X2RRhBFTkTQ,bonjour (12-22-2019) - Cum Town Premium (EP 163),The CTown Podcast Archive,2019-12-23T04:15:49Z,102639,1115.0,https://youtu.be/X2RRhBFTkTQ,,163,1
EQNQn8BJSWc,college kids react to cumtown,THHP,2018-12-01T09:44:01Z,102375,3208.0,https://youtu.be/EQNQn8BJSWc,,,0
rz3i6tN-M64,Stav looks back on Cum Town,Town Manager,2024-05-07T21:03:00Z,102222,1743.0,https://youtu.be/rz3i6tN-M64,,,0
gV4U4RwMNy0,Cumtown | 223 | like water for **ssy,Uncle Merchant ,2025-02-26T00:14:03Z,102156,606.0,https://youtu.be/gV4U4RwMNy0,,223,1
dlk6YpotOsA,"You're a ______, Harry | CMTOWN ANIMATED",saul,2024-06-02T18:10:26Z,101560,3088.0,https://youtu.be/dlk6YpotOsA,,163,1
ipojQ8k6N0s,Cumtown - Mark Wahlberg,Cumintown Clips,2022-12-16T13:00:22Z,101304,1867.0,https://youtu.be/ipojQ8k6N0s,,,0
SFU05RjFCLY,Maynard James Keenan & Tool | Cumtown,Cum Town Archive,2022-09-29T14:00:24Z,101303,1699.0,https://youtu.be/SFU05RjFCLY,,,0
57CENklhznU,Cumtown - Childhood Stories,ITzEPiiC,2017-07-28T20:23:12Z,101276,816.0,https://youtu.be/57CENklhznU,,,0
yTK4TiQ-zCE,Cheeseburger In Service of The Lord (7-14-19) - Cum Town Premium (EP 152),The CTown Podcast Archive,2019-07-15T04:34:23Z,100355,974.0,https://youtu.be/yTK4TiQ-zCE,,152,1
c_A0SRcLdDU,Bernie Sanders Town hall - CMTOWN Reaction,Frankenstein's Lab,2024-11-16T19:40:22Z,99810,2218.0,https://youtu.be/c_A0SRcLdDU,,,0
uHW16TJ7n4k,Cumtown - Mr.Clean/Indian Smash Mouth,John God,2021-12-08T04:12:52Z,99265,1599.0,https://youtu.be/uHW16TJ7n4k,,249,1
jjc00ZTpLwQ,Ep 209 - Summer Pussy,The Adam Friedland Show,2020-05-28T02:31:05Z,99151,1885.0,https://youtu.be/jjc00ZTpLwQ,209,,1
EY7yvxw2lPQ,Cum Town | Jack Nicholson / Adam's Crimes,kidpresentable,2017-06-17T19:00:30Z,98951,856.0,https://youtu.be/EY7yvxw2lPQ,,,0
b7GiUAy4RGk,Cumtown - Gay James Bond (Live Dub),"Christ, Pierre",2022-08-10T17:00:32Z,97820,2359.0,https://youtu.be/b7GiUAy4RGk,166;191,,2
_VbtkBDk8h8,Why Stavros Halkias left Cum Town,Everything Comedy,2022-06-27T00:30:08Z,97778,1159.0,https://youtu.be/_VbtkBDk8h8,,,0
uPJgYCGT5sU,Lyft Drivers Are The Worst - CUMTOWN ANIMATED,saul,2023-04-08T17:40:37Z,97640,2797.0,https://youtu.be/uPJgYCGT5sU,,,0
ikIA4lkcsuk,Cum Town - Korean Jewish Bill Cosby,La Ville du Cum,2018-04-04T02:56:03Z,97464,1640.0,https://youtu.be/ikIA4lkcsuk,,,0
rQIHUQqLR3Q,Cumtown   Chinese Jews 17/09/2022,Adolph Cohen,2022-09-17T13:25:02Z,97213,1431.0,https://youtu.be/rQIHUQqLR3Q,,,0
5-SAis5b7c0,Adam's Flip Flops - Cum Town Animated,GRIFT ROCKET,2018-12-27T16:50:04Z,97201,2343.0,https://youtu.be/5-SAis5b7c0,107,,1
niHwAhSbpk8,Chris Chan Compilation | Cumtown OneyPlays Sam Hyde,Best Friends Compilations,2024-01-19T22:15:57Z,97134,1787.0,https://youtu.be/niHwAhSbpk8,,,0
_uYl3GqYQhw,The Matthew Perry Movie That Never Was | CUMTOWN ANIMATED,saul,2023-11-05T17:44:48Z,97092,4526.0,https://youtu.be/_uYl3GqYQhw,,,0
PZExA2tmqPg,Cum Town - Pierre St. Pierre (Supercut),La Ville du Cum,2018-03-24T14:35:15Z,96808,1483.0,https://youtu.be/PZExA2tmqPg,95,,1
8xPw-BeZqv4,Cumtown : Nanette - We all know what she means by men,EnjoyStudio,2022-05-31T22:24:22Z,96467,1046.0,https://youtu.be/8xPw-BeZqv4,,,0
idWXaNvYHEk,Cum Town - Speaker That Only Plays Rap Music,Joe Blow,2018-09-13T21:36:41Z,96449,2018.0,https://youtu.be/idWXaNvYHEk,,,0
akFCzCt0ivI,Nick Mullen of Cumtown on Coke,Ron Revere,2017-07-25T20:03:01Z,96249,2117.0,https://youtu.be/akFCzCt0ivI,,,0
hHK6FgCNfRQ,Stav's Doctor | CM Town,Crumb Town,2025-02-07T23:45:32Z,96055,1662.0,https://youtu.be/hHK6FgCNfRQ,,146,1
uXpKZ7q05jw,Men Are Becoming Bimbos | CMTOWN ANIMATED,saul,2025-07-06T17:36:17Z,95650,4717.0,https://youtu.be/uXpKZ7q05jw,70,,1
a4lbQL48MIo,"Cumtown - Stav says ""thousand island stare""",Cum Classics,2020-11-24T14:34:21Z,95042,1913.0,https://youtu.be/a4lbQL48MIo,,,0
5PWNrfrBLug,Adam's Suspiciously Young Friends,Mango Jellybean,2024-10-24T17:30:01Z,94761,2158.0,https://youtu.be/5PWNrfrBLug,,214,1
zyVRNckSQog,Cum Town - Asian Racial Slurs,Crackle In Time,2017-12-01T19:19:20Z,94419,1426.0,https://youtu.be/zyVRNckSQog,,,0
yBPMLgNVBUU,Anthony Loneliano - Cumtown Podcast,Undisputed Top Ten,2022-04-29T17:46:05Z,94008,1337.0,https://youtu.be/yBPMLgNVBUU,,,0
DDK4-BMpekw,"Steve-O STOPS Bam's Tour, Scumbag Vinny🍵👀 #theadamfriedlandshow #nickmullen",TAFSpod🌸,2023-11-17T10:53:11Z,93904,1701.0,https://youtu.be/DDK4-BMpekw,,,0
XA3lAtKH8Eg,Cumtown - Nick's Cellphone Kiosk story.,noisaid getlost,2022-09-24T18:33:20Z,93886,1545.0,https://youtu.be/XA3lAtKH8Eg,,,0
sXNKioBitSs,Cum Town - Failed Alt Comics,PodcastArcade,2021-09-22T15:00:36Z,93608,1110.0,https://youtu.be/sXNKioBitSs,,,0
4O5D03zDTqc,Cumtown - Dave Portnoy ,JCxVONxDOOM,2025-11-14T05:14:52Z,93536,,https://youtu.be/4O5D03zDTqc,,,0
H8K4rl2uvuA,Cumtown -  Oppenheimer,ArchaicFiles ,2022-01-16T01:01:21Z,93422,2706.0,https://youtu.be/H8K4rl2uvuA,156,,1
9PK5K6BmzJw,Cumtown   Adam's Black Son,Adolph Cohen,2022-09-15T15:00:12Z,93361,1295.0,https://youtu.be/9PK5K6BmzJw,,,0
6KB-OGbXrZc,Cum Town - Nick does an Adam,PodcastArcade,2021-09-01T15:00:03Z,93288,1307.0,https://youtu.be/6KB-OGbXrZc,,,0
ubVVUEYyTvk,Blade Runner with Down Syndrome,saul,2024-12-04T20:43:53Z,93177,3748.0,https://youtu.be/ubVVUEYyTvk,,,0
gvQ9bG4MUtg,Schism - Cumtown Podcast,Undisputed Top Ten,2022-05-03T16:41:47Z,93174,1346.0,https://youtu.be/gvQ9bG4MUtg,,,0
dhelLEDmY1A,Jeff Goldblum on Family Feud - CMTOWN ANIMATED Reaction,Frankenstein's Lab,2024-09-05T01:55:53Z,93055,2330.0,https://youtu.be/dhelLEDmY1A,,,0
ODmBiOPlpLY,Cum Town- Greatest Reveals Compilation (I'm G..),Newporter Smoke,2024-03-19T03:46:13Z,92318,1296.0,https://youtu.be/ODmBiOPlpLY,,,0
meoEI7hHD8w,Down Syndrome Kid In Therapy (Cum Town),DSA President Nick Mullen,2018-08-03T18:59:18Z,92313,2076.0,https://youtu.be/meoEI7hHD8w,,,0
TET7VrILsvY,beautiful weather (1-13-2020) - Cum Town Premium (EP 166),The CTown Podcast Archive,2020-01-14T04:40:38Z,91727,1069.0,https://youtu.be/TET7VrILsvY,,166,1
vEgx0TeOq7c,"Cumtown Premium - Episode #2 - Nick Mullen, Adam Friedland, Stavros #cumtown #theadamfriedlandshow",NotAdam,2022-09-09T16:00:44Z,90986,572.0,https://youtu.be/vEgx0TeOq7c,,2,1
iyXxL4bdK7g,Jon Hamm does Mad Men - CUMTOWN ANIMATED,saul,2023-05-14T16:57:21Z,90601,2891.0,https://youtu.be/iyXxL4bdK7g,99,,1
l1uurHwTIgI,Cum Town - Chinese Voice For The White Guy,Nut City,2018-05-10T14:19:46Z,90423,2214.0,https://youtu.be/l1uurHwTIgI,,72,1
5DcBafO6-IE,Cumtown - psychohomos - kill myself if I don't get p***y,Uncle winter's disdain,2020-12-28T08:51:12Z,90250,3456.0,https://youtu.be/5DcBafO6-IE,,,0
RFMGTKDpkh8,Cum Town - Cartoonishly Racist Immigrants,La Ville du Cum,2018-07-23T03:23:34Z,89892,903.0,https://youtu.be/RFMGTKDpkh8,95,,1
EvJqmAwDQdk,The Clinton List | CUMTOWN ANIMATED,saul,2023-06-11T20:27:06Z,89541,4288.0,https://youtu.be/EvJqmAwDQdk,,,0
YyBjRngtZag,Next Door Jimmy & Jim Gaffigan - Cum Town Animated,GRIFT ROCKET,2018-11-15T16:39:33Z,89306,1850.0,https://youtu.be/YyBjRngtZag,55,,1
jS6qNv37dlE,CumTown eps that will get you HARDER and help you last LONGER,GhostBanana 2,2023-05-27T19:00:03Z,88042,589.0,https://youtu.be/jS6qNv37dlE,,94,1
kZSNiT9aZ7k,Cum Town - African Man and Molestrios,T Dogg,2017-11-27T18:28:16Z,87850,1085.0,https://youtu.be/kZSNiT9aZ7k,,,0
wv1lB0yEoTk,Adam steals Nicks joke after he just said it and then gets bullied | Cumtown,totalfagetown,2024-02-21T18:27:03Z,87645,1144.0,https://youtu.be/wv1lB0yEoTk,,,0
Eff-2OfGOzM,Stav's Fattest Scam | CMTOWN ANIMATED,saul,2026-03-15T17:38:54Z,87260,3407.0,https://youtu.be/Eff-2OfGOzM,119,,1
Ci3x8nv9geo,Gossips - CUMTOWN ANIMATED,saul,2023-01-04T22:01:21Z,87247,3110.0,https://youtu.be/Ci3x8nv9geo,,,0
9BAqTWTQ-jM,Woke Sopranos | CMTOWN,Crumb Town,2025-05-10T17:40:02Z,87161,1603.0,https://youtu.be/9BAqTWTQ-jM,219,,1
zFxuwL9B8Q8,Band Of Cumtown,bigleebrink,2021-06-16T11:54:46Z,87091,902.0,https://youtu.be/zFxuwL9B8Q8,,46,1
4vb61LV-4zI,Cum Town - Nick Mullen’s Greatest Stand Up Bit,Beggar Amazing,2021-01-25T04:31:09Z,86965,2468.0,https://youtu.be/4vb61LV-4zI,,,0
shFkpIOXs84,Cum Town Ep.36 - Goatee Era Seagal,Tube Angel,2018-11-05T05:28:15Z,86849,599.0,https://youtu.be/shFkpIOXs84,36,,1
2QZuCf6neYM,Cum Town Livestream,ct,2018-05-25T12:49:51Z,86842,1131.0,https://youtu.be/2QZuCf6neYM,,,0
2xNM3WmExUI,CumTown streamium sandwich edition,GhostBanana 2,2023-05-27T19:43:55Z,86686,542.0,https://youtu.be/2xNM3WmExUI,,,0
ru34UurjQTk,Cum Town: Oreos,Rhiannon Krausz,2016-10-12T02:05:33Z,86661,1390.0,https://youtu.be/ru34UurjQTk,,,0
iBaG4CdZxb4,Nick Mullen on Marc Maron | The Best of Nick Mullen,Cum Town Archive,2025-08-07T17:01:08Z,86151,1047.0,https://youtu.be/iBaG4CdZxb4,,,0
zsvgp-sTgKE,Cum Town - Nick Mullen doing African Guy voice on BBC News,cum man,2018-01-19T11:15:05Z,84807,1627.0,https://youtu.be/zsvgp-sTgKE,,,0
3WtdiLYi4II,The Boys Talk About Video Games,Town Manager,2025-05-11T22:15:00Z,84564,1020.0,https://youtu.be/3WtdiLYi4II,,,0
9kqGlxmUFak,"Adam Friedland Saying ""Cum Town"" on International TV",Rocky,2018-01-24T05:31:18Z,84458,1818.0,https://youtu.be/9kqGlxmUFak,,,0
TdCZIwueZEw,Cum Town - SAW 18,La Ville du Cum,2018-04-21T13:45:35Z,84444,944.0,https://youtu.be/TdCZIwueZEw,98,,1
kyQSfngsGhA,Cumtown - the boys don't think Iliza Schlesinger is funny,Cumtry Roads,2023-01-05T13:00:33Z,84403,1057.0,https://youtu.be/kyQSfngsGhA,,,0
IcbPUN-rJoA,Cum Town Highlight Seth DIckfield AGAIN,ExtremelyOnlineGuy,2021-12-03T02:51:16Z,84129,1121.0,https://youtu.be/IcbPUN-rJoA,,,0
K21wnCLH1mQ,Nick Mullen's Obsession,Luis J. Gomez,2023-04-29T18:33:20Z,84127,1817.0,https://youtu.be/K21wnCLH1mQ,,,0
EBe4aUVHQek,Cum Town Ep.29 - Customer Service (11/30/2016),Tube Angel,2018-09-26T04:27:24Z,84068,642.0,https://youtu.be/EBe4aUVHQek,29,,1
XJOIlHSLnWs,"Cumtown Premium - Episode #4 - Nick Mullen, Adam Friedland, Stavros #cumtown #theadamfriedlandshow",NotAdam,2022-09-09T18:30:33Z,83763,550.0,https://youtu.be/XJOIlHSLnWs,,4,1
YwqeJf8LN4w,Nick Mullen on New Comedians Doing Shane Gillis,Cum Town Archive,2025-06-14T15:00:51Z,83544,980.0,https://youtu.be/YwqeJf8LN4w,,,0
PEAlS3I9ePk,Nick Mullen goes to Jail,PodcastArcade,2023-03-05T16:00:12Z,83473,894.0,https://youtu.be/PEAlS3I9ePk,,,0
6qWi76_9oDc,The McLaughlin Group - Cum Town Animated,GRIFT ROCKET,2018-12-11T16:30:49Z,83312,1569.0,https://youtu.be/6qWi76_9oDc,,115,1
P_GwT98fVjo,Jerry Seinfeld Unleashed - CMTOWN Reaction,Frankenstein's Lab,2024-12-03T23:22:55Z,83296,2213.0,https://youtu.be/P_GwT98fVjo,,,0
Nbyg28lTcBc,I know the guy who invented M&Ms | CMTOWN ANIMATED,saul,2026-02-22T19:04:13Z,83231,3540.0,https://youtu.be/Nbyg28lTcBc,248,,1
xSxcK0Ra_bQ,Andrew Yang Appeals to Asian Teens | CMTOWN ANIMATED,saul,2024-04-22T17:19:03Z,83207,2482.0,https://youtu.be/xSxcK0Ra_bQ,247,,1
T-uBANG1XVI,Cumtown: David Colby,Max Power,2018-11-06T05:29:59Z,83029,1158.0,https://youtu.be/T-uBANG1XVI,,,0
_VOV-sFSq4A,Cum Town - Dio - REMIX,Paygorn,2021-08-16T21:36:54Z,82885,1923.0,https://youtu.be/_VOV-sFSq4A,,,0
Hxt-IaTn7IQ,The Matthew Perry Movie Was Awful | CUMTOWN ANIMATED,saul,2023-11-16T17:10:14Z,82830,2098.0,https://youtu.be/Hxt-IaTn7IQ,,,0
A1VPnGimsP8,Cum Town West - The Death Penalty,Bennington Quibbits,2017-06-21T01:00:09Z,82722,1134.0,https://youtu.be/A1VPnGimsP8,51,,1
oi_ST2uRfMU,Nick Mullen Drives Drunk - Cumtown,Huey Barrymore,2023-02-21T22:30:06Z,82124,916.0,https://youtu.be/oi_ST2uRfMU,,,0
XG5oJBls7-M,Cum Town - Thousand Island Stare,Graham Bly,2018-10-29T00:45:43Z,82057,1800.0,https://youtu.be/XG5oJBls7-M,72,,1
FHjxl6M1CD8,Tom Myers Beef W/ Nick Mullen 🥩,Internetier,2024-03-23T16:45:14Z,82038,952.0,https://youtu.be/FHjxl6M1CD8,,,0
1nQOinxhWE8,Bill Cosby The Holocaust Denier - CMTOWN ANIMATED Reaction,Frankenstein's Lab,2024-08-26T17:25:18Z,82012,2033.0,https://youtu.be/1nQOinxhWE8,,,0
TAhEVjqPLCc,old Cumtown episodes for a comfy day 3,SpermaStadt,2024-10-03T13:33:38Z,81743,751.0,https://youtu.be/TAhEVjqPLCc,,,0
3Z63S5TFHE8,Cum Town Highlight Nicks autistic gf,cumcity,2021-12-09T22:02:59Z,81701,1396.0,https://youtu.be/3Z63S5TFHE8,,,0
FN_AdggDInc,Cum Town Premium: Real Time (Bonus 38),Tube Angel,2018-07-25T00:46:49Z,81679,1201.0,https://youtu.be/FN_AdggDInc,,38,1
q7nnq6UZpmE,"Nick Mullen's Legendary recounting of Kenny Rogers' classic song ""The Gambler""",Sgt. Popper,2025-06-24T14:30:39Z,81521,1624.0,https://youtu.be/q7nnq6UZpmE,,225,1
QPunQYYeWLE,Stav asking the dumbest questions | CMTOWN ANIMATED,saul,2026-04-05T18:26:16Z,81465,3527.0,https://youtu.be/QPunQYYeWLE,140,,1
11hCsAC14EY,cum town: robotripping/african guy,weez,2016-11-18T19:47:42Z,81276,940.0,https://youtu.be/11hCsAC14EY,,,0
p_fgENgw_mQ,New Steven Seagal Movie | Cumtown,Cum Town Archive,2022-11-08T20:54:05Z,81068,1189.0,https://youtu.be/p_fgENgw_mQ,,,0
8Qp88oyru0w,James Bond: Dr. Trans - Cumtown,Sleepy Boys,2023-02-11T14:00:04Z,80532,956.0,https://youtu.be/8Qp88oyru0w,191,,1
okvT_j8ac78,Cumtown - Subway Stories,Thousand Island Stare,2022-06-08T17:00:21Z,80219,851.0,https://youtu.be/okvT_j8ac78,,,0
D1VF-alfYyM,Italians in Australia | Cumtown Animated,Walmyswear,2021-10-25T20:00:01Z,79682,3675.0,https://youtu.be/D1VF-alfYyM,,,0
y6WaPSj5XjM,Cum Town: Stolen Valor,Rhiannon Krausz,2016-09-13T20:58:27Z,79623,980.0,https://youtu.be/y6WaPSj5XjM,,,0
0i4e2Rx5e8g,Cum Town Ep.48 - The Greatest Riff Of All Time,Tube Angel,2018-11-05T05:37:35Z,79320,738.0,https://youtu.be/0i4e2Rx5e8g,48,,1
w-_Q3LFfeb4,Cum Town - Thursday Boots (The Forbidden Ad Read),The Cream Dream,2023-11-10T12:35:15Z,79285,1844.0,https://youtu.be/w-_Q3LFfeb4,139,,1
oUl5-DOulXo,Stavros Halkias bullying Adam Friedland for trying to improve Cum Town,The Sweater Brothers Innocence Project,2022-07-15T13:00:28Z,79229,1053.0,https://youtu.be/oUl5-DOulXo,,,0
a8v_5ahEPag,The Gambler | Cumtown,Webisu,2021-07-04T00:30:00Z,78993,1332.0,https://youtu.be/a8v_5ahEPag,,242,1
HGf44WGBNk8,Every Super Mario bit from Cmtown (Compilation),Mango Jellybean,2021-10-04T02:07:08Z,78854,1126.0,https://youtu.be/HGf44WGBNk8,,,0
-LE3HaJ-d0Y,Funniest CumTown Bits pt.3 -CTOWN,MSSPDailyDose,2024-07-24T04:44:42Z,78835,623.0,https://youtu.be/-LE3HaJ-d0Y,135;139;146,,3
DcDdVde7ay8,CumTown Best of 2018,Geigui,2022-03-04T13:15:01Z,78727,504.0,https://youtu.be/DcDdVde7ay8,84;85;87;89;90;91;93;94;95;96;97;98;99;100;104;105;106;107;108;109;110;111;112;113;114;115;116;117;118;119;121;122;124;125;126;127;129;130;131;132;133;134;135,1;35;69;70;71;72;73;74;75;76;77;78;79;82;83;84;85;86;87;88;89;90;91;92;93;94;95;96;97;98;99;100;101;102;103;104;105;106;107;108;109;110;111;112;113;115;116;117;119;122,93
PLELlA7tlJI,Cum Town - Talk Radio,La Ville du Cum,2018-04-08T14:31:53Z,78376,968.0,https://youtu.be/PLELlA7tlJI,97,,1
QUnwoLL2nfA,Cumtown Animated: Nick's Indian Scientist Ft. Dinosaur Club,dinosaur club,2022-03-23T09:00:41Z,78238,2487.0,https://youtu.be/QUnwoLL2nfA,,,0
sRn1idzFGPE,Cumtown: Case Closed,Sadtape,2019-08-28T23:22:32Z,78194,3636.0,https://youtu.be/sRn1idzFGPE,,,0
lUFkbD4i0Cs,cum town: def jam picard,weez,2016-11-08T22:35:56Z,78170,1052.0,https://youtu.be/lUFkbD4i0Cs,25,,1
iGymFVsVAMc,Liberal Elmo | AI C*mtown,Crumb Town,2025-01-27T11:11:52Z,78072,1128.0,https://youtu.be/iGymFVsVAMc,,,0
JT7glhqZjGw,Cumtown - That 70s Show,TBC,2021-08-15T11:33:38Z,77954,1583.0,https://youtu.be/JT7glhqZjGw,,,0
xcN23r3ryJQ,Chris Chan- Ctown,Sleepy Boys,2022-12-03T04:37:23Z,77920,975.0,https://youtu.be/xcN23r3ryJQ,,,0
oD_6epRQZ44,Cum Town - Gay Jackass,EJS88,2018-11-22T15:59:22Z,77918,1445.0,https://youtu.be/oD_6epRQZ44,,,0
2a7DuFDuYgo,Who Wants To C*m & Regis Philbin - Cumtown,Basement Tapez,2021-09-21T10:00:02Z,77488,1300.0,https://youtu.be/2a7DuFDuYgo,,,0
2XeJllAdwJg,Cumtown EP | The One that Starts with Iran's Number One Bad Boy and Ends with Black Frasier,Cumtown to Ghost Town ,2026-03-15T11:00:04Z,77103,805.0,https://youtu.be/2XeJllAdwJg,,,0
IZQUe3Thc-s,Cum Town Live at Carolines,Tube Angel,2018-06-10T00:36:58Z,76833,1177.0,https://youtu.be/IZQUe3Thc-s,,,0
JqpIxERxzNQ,"Cumtown Premium - Episode #7 - Nick Mullen, Adam Friedland, Stavros #cumtown #theadamfriedlandshow",NotAdam,2022-09-10T15:00:09Z,75347,555.0,https://youtu.be/JqpIxERxzNQ,,7,1
UnUqEZ_qFcA,Cum Town- Morning radio prank calls / Anti Piracy Ads / Nick's Secret,Tube Angel,2018-11-19T22:22:33Z,75099,1067.0,https://youtu.be/UnUqEZ_qFcA,,,0
RzziWtJadQQ,How to Succeed in Life | The Best of Nick Mullen #nickmullen #comedy,Cum Town Archive,2025-07-28T22:42:44Z,74656,1983.0,https://youtu.be/RzziWtJadQQ,,,0
GrqysshKxpo,Andrew Cuomo - Cumtown Podcast,Undisputed Top Ten,2022-05-10T18:34:08Z,74275,953.0,https://youtu.be/GrqysshKxpo,,,0
5xQWJLg3TOI,The Perfect Broad - Cum Town Animated,GRIFT ROCKET,2018-11-06T16:38:14Z,74259,1366.0,https://youtu.be/5xQWJLg3TOI,,31,1
IsMFxpaoGNY,Cum Town: Arthur Chu's shoes,Rhiannon Krausz,2016-09-09T15:29:41Z,74124,939.0,https://youtu.be/IsMFxpaoGNY,,,0
BlwjAcH9n7U,John Boyega - Cumtown Podcast,Undisputed Top Ten,2022-04-27T17:07:09Z,74034,850.0,https://youtu.be/BlwjAcH9n7U,,,0
PB0aHGTVxsI,Cocaine Cowboys - Cumtown Premium - Episode #1 - #NickMullen & #AdamFriedland,NotAdam,2022-09-09T07:03:40Z,73932,710.0,https://youtu.be/PB0aHGTVxsI,,1,1
gMU8IQbAdis,K-pop Fans Are Pathetic | CMTOWN ANIMATED,saul,2024-03-17T18:22:33Z,73863,2373.0,https://youtu.be/gMU8IQbAdis,293,,1
ZHYJuC3yf4Q,CumTown - Pokemon Compilation,MIKE HOCK,2025-01-19T15:30:21Z,73470,1078.0,https://youtu.be/ZHYJuC3yf4Q,,,0
vRdQCfpnqWE,Cumtown - Mullen's Gay Bar,Thousand Island Stare,2021-07-18T21:00:18Z,73006,1591.0,https://youtu.be/vRdQCfpnqWE,,,0
zYv_LvhjxEQ,Cum Town - Molestrios,La Ville du Cum,2018-04-29T16:49:28Z,73005,1254.0,https://youtu.be/zYv_LvhjxEQ,77,,1
oCn6oht9dQ4,Cumtown Nick's Impression Compilation,Nihal Horseless,2021-09-23T20:41:10Z,72997,1648.0,https://youtu.be/oCn6oht9dQ4,,,0
jMkFlnpZO_w,Cum Town - Racist Simpsons,Rocky,2017-05-19T06:48:50Z,72394,1400.0,https://youtu.be/jMkFlnpZO_w,52,,1
K5epC5C5SNg,CumTown - Periscope #1,Come Town,2016-12-31T21:46:59Z,72248,878.0,https://youtu.be/K5epC5C5SNg,1,,1
mhe-R2Yoh7c,Nerds Saying N***** / Cool College (Cum Town),DSA President Nick Mullen,2018-08-11T06:06:35Z,72241,1337.0,https://youtu.be/mhe-R2Yoh7c,,,0
4THL5Q5R6lc,Nick Mullen has desired antlers since at least 2019 - CUM TOWN COMPILATION,THRILLHOUSE,2023-03-12T14:00:03Z,72040,1013.0,https://youtu.be/4THL5Q5R6lc,,,0
8M1UV4psigU,Adam's Debauchery | CMTOWN,Sara,2026-02-04T05:08:55Z,71783,670.0,https://youtu.be/8M1UV4psigU,90,,1
_qg8ICBmLvY,Knights of Faith (9-17-2018) - Cum Town Premium (EP 105),The CTown Podcast Archive,2019-04-14T17:00:05Z,71644,610.0,https://youtu.be/_qg8ICBmLvY,,105,1
BeX7k8RfwlY,Regis Philbin - CMTOWN Reaction,Frankenstein's Lab,2024-10-10T17:49:28Z,71535,1771.0,https://youtu.be/BeX7k8RfwlY,,,0
YEd3Mvhg1mE,Mersham's Woes | AI C*mtown,Crumb Town,2025-02-27T20:53:52Z,71445,1128.0,https://youtu.be/YEd3Mvhg1mE,,167,1
A46jw84iCS8,Cumtown - Hello Newman,Cum Fred Town Edit,2023-01-04T16:00:04Z,70884,678.0,https://youtu.be/A46jw84iCS8,,,0
UDttE1rIpWI,Cum Town - Inspector Faggot,Bheemoth,2018-07-01T05:25:37Z,70829,1595.0,https://youtu.be/UDttE1rIpWI,,,0
IglOrJJNC5I,Cum Town - What if a retard was gay?,quinn,2018-05-27T19:36:38Z,70793,1043.0,https://youtu.be/IglOrJJNC5I,,,0
KaZCLcGrw_Y,Cum Town | Millenial Art,Best Friends Compilations,2023-09-24T04:23:57Z,70740,748.0,https://youtu.be/KaZCLcGrw_Y,,,0
SvO5aGG9U7o,CUM TOWN - The Lost David Cross Interview,Comedy Podcast Gold,2018-06-11T23:33:34Z,70684,1172.0,https://youtu.be/SvO5aGG9U7o,,,0
h4JcbWcvxgE,Cumtown / Nick Mullen - The Vaccine,Cometh Maketh The Man,2022-08-17T17:23:22Z,70663,1515.0,https://youtu.be/h4JcbWcvxgE,,,0
DoqcNNO0AW4,CumTown IAN FIDANCE episodes to relapse to,GhostBanana 2,2023-05-27T21:01:53Z,70368,649.0,https://youtu.be/DoqcNNO0AW4,,,0
m3ubPkSQT0U,Cum Town - Adam Friedland: Bad Samaritan,La Ville du Cum,2018-06-16T01:21:25Z,70340,794.0,https://youtu.be/m3ubPkSQT0U,107,,1
l9tsOv6SP5s,Cumtown - The Ancients,Cumintown Clips,2022-12-21T13:00:23Z,70257,1902.0,https://youtu.be/l9tsOv6SP5s,,,0
B5rmuw9B5O0,Cum Town - Safe and Supervised Teenage Porn Use,La Ville du Cum,2018-03-10T12:55:04Z,69242,1032.0,https://youtu.be/B5rmuw9B5O0,,,0
9-nd6X9n7JI,Cum Town - Gay 'Friends',I'm Not Even,2017-12-13T21:26:55Z,69166,677.0,https://youtu.be/9-nd6X9n7JI,,,0
UvP92zbfI9c,Cum Town Premium: Dillons Cheese Pizza Steakhouse (Bonus 59),Tube Angel,2018-07-08T21:26:54Z,69143,597.0,https://youtu.be/UvP92zbfI9c,,59,1
JI1CuTbxDhI,Cum Town: Terrence Howard's micropenis,Rhiannon Krausz,2016-09-29T07:23:03Z,69098,412.0,https://youtu.be/JI1CuTbxDhI,,,0
KioBx7Scmgo,Cum Town - Homophobic Bernie Sanders,La Ville du Cum,2018-04-07T16:10:05Z,68907,693.0,https://youtu.be/KioBx7Scmgo,,,0
OmAUEHoVoUg,Morgan Freeman - CMTOWN ANIMATED Reaction,Frankenstein's Lab,2024-06-27T14:42:30Z,68380,2101.0,https://youtu.be/OmAUEHoVoUg,,,0
kQ95YBgACTY,Cool Adam | AI C*mtown,Crumb Town,2025-03-14T17:44:12Z,68272,1111.0,https://youtu.be/kQ95YBgACTY,138,,1
EIe_cdC7dQc,Owen Wilson (Cumtown animation),Greasy Sandwich,2021-10-16T02:56:14Z,68118,2355.0,https://youtu.be/EIe_cdC7dQc,,,0
JukgBoFzbjs,Brain Man - Cum Town Animated,GRIFT ROCKET,2018-10-23T03:51:52Z,68058,1560.0,https://youtu.be/JukgBoFzbjs,98,,1
OM4Kbu9fIr8,Cumtown - Getting Scammed,MentallyChinese,2023-02-20T11:47:11Z,67706,733.0,https://youtu.be/OM4Kbu9fIr8,,,0
1D56PzNXPDU,The Little Mermaid - CMTOWN Reaction,Frankenstein's Lab,2024-11-29T22:02:08Z,67656,1780.0,https://youtu.be/1D56PzNXPDU,,,0
8--ijWpIX2k,The Jungle Book - Cumtown Podcast,Undisputed Top Ten,2022-04-29T17:20:49Z,67645,485.0,https://youtu.be/8--ijWpIX2k,,,0
oYau8LUEhrI,Cumtown Favorite Moments Part 1,Kevin Magee,2024-08-19T20:46:48Z,67565,713.0,https://youtu.be/oYau8LUEhrI,,,0
FfwRYy2aYOA,how bout I fuckin camp where I want (11-19-2018) - Cum Town Premium (EP 116),The CTown Podcast Archive,2019-04-17T00:25:42Z,67387,900.0,https://youtu.be/FfwRYy2aYOA,,116,1
0iutDgdAXRE,Nick Mullen- incredible MyBookie AG ad / Glengarry Glen Ross (reup) Stavros Halkias adam friedland,SHODOHC,2024-09-01T03:07:20Z,67358,912.0,https://youtu.be/0iutDgdAXRE,,,0
qcw8mOiWgXw,Hillary Clinton | CUMTOWN ANIMATED,saul,2023-11-19T18:31:55Z,67324,2489.0,https://youtu.be/qcw8mOiWgXw,,,0
8dQdffKXGh0,Chorus Kids - CUMTOWN ANIMATED,saul,2023-02-16T23:43:33Z,66993,1936.0,https://youtu.be/8dQdffKXGh0,47,,1
c8ArkOr6IFA,But You Mess With My Friends? - Cum Town Animated,GRIFT ROCKET,2018-10-23T03:51:52Z,66985,1716.0,https://youtu.be/c8ArkOr6IFA,,73,1
aGQezeA9LKo,cum town - a world without retards,henry kitchenman,2018-04-25T13:37:18Z,66914,845.0,https://youtu.be/aGQezeA9LKo,,53,1
xBoUY1uB_5o,Zionist Bill Maher & zoomers #cumtown #billmaher,BlubberTown,2022-09-05T11:57:10Z,66513,847.0,https://youtu.be/xBoUY1uB_5o,,158,1
YI9LEIeRM6g,Cum Town - Strange Fruit,Spermany,2018-12-24T15:09:09Z,66359,747.0,https://youtu.be/YI9LEIeRM6g,,108,1
PL5u1wsp_ag,Hannah Gadsby Goes WILD! | The Best of Nick Mullen,Cum Town Archive,2025-07-07T22:45:22Z,66249,1481.0,https://youtu.be/PL5u1wsp_ag,,,0
6vohyddcPDE,Killary Jailinton ft. Abby Rosenquist (7-28-2019) - Cum Town Premium (EP 153),The CTown Podcast Archive,2019-07-29T04:38:42Z,66145,674.0,https://youtu.be/6vohyddcPDE,,153,1
KeCOPl7jk_g,Cum Town - Screeching Halt & Tidbit,bag wine 69,2018-02-12T21:15:45Z,66093,1292.0,https://youtu.be/KeCOPl7jk_g,,,0
TwUKy1yfFOk,Cum Town Ep.43 - The REAL Original Cum Boys,Tube Angel,2018-11-05T05:33:57Z,65991,494.0,https://youtu.be/TwUKy1yfFOk,43,,1
MhrSsxKJH1M,Cum Town Clips I Need Removed From My Phone Part 25,KingConcho,2023-11-14T22:55:56Z,65844,821.0,https://youtu.be/MhrSsxKJH1M,,,0
wbq7avhDZIg,Best of Cumtown 2016 (Premium & Free Eps),Cum Chamber,2024-06-07T03:09:03Z,65814,649.0,https://youtu.be/wbq7avhDZIg,,,0
UiWLXk_dLIc,how about a second responder (3-18-2019) - Cum Town Premium,The CTown Podcast Archive,2019-03-20T22:22:29Z,65584,621.0,https://youtu.be/UiWLXk_dLIc,,,0
qmb_orzE-OY,Cumtown Sings Schism By Tool,Nope Productions,2023-07-31T01:51:34Z,65557,1547.0,https://youtu.be/qmb_orzE-OY,,,0
Nmq6czJof0w,Cumtown - Camps,Cumintown Clips,2022-12-17T16:00:10Z,64814,1772.0,https://youtu.be/Nmq6czJof0w,,,0
El28bX2vKbU,Cumtown- Montgomery/Gentry,$tc,2022-06-22T03:33:19Z,64652,1067.0,https://youtu.be/El28bX2vKbU,,241,1
tHp2-pkh4iY,Cumtown - Wrestling,Cumintown Clips,2022-12-19T21:00:28Z,64575,1164.0,https://youtu.be/tHp2-pkh4iY,,,0
RcNMnRGh2H0,Cumtown - Andrew W.K.,JCxVONxDOOM,2021-06-15T06:39:59Z,64551,1048.0,https://youtu.be/RcNMnRGh2H0,,236,1
wSsEb-kBtOc,Cumtown Episodes To Keep You From Voluntary Redundancy,Gum Town,2025-04-19T15:16:53Z,64178,565.0,https://youtu.be/wSsEb-kBtOc,,,0
YA8YTNusoTI,Cum Town   Jennifer Lawrence,CumTown Clips,2019-08-04T14:43:27Z,64164,600.0,https://youtu.be/YA8YTNusoTI,,,0
ldpTWJfdxjY,"cumtown Nick vs Stav's FitBit, Adam's stupid shoes, lunch Banter",SHODOHC,2023-04-03T03:36:49Z,64098,646.0,https://youtu.be/ldpTWJfdxjY,,,0
cNn37Z_YnYA,10 Thousand Dollar Episode Spectacular (2-12-2017) - Cum Town Premium (EP 23),The CTown Podcast Archive,2019-03-25T19:56:02Z,64055,614.0,https://youtu.be/cNn37Z_YnYA,,23,1
u_Zh_HRfmEY,Cumtown but its only Liam Neeson impression,Tommy,2021-09-02T07:25:35Z,63958,1263.0,https://youtu.be/u_Zh_HRfmEY,,,0
2_uX8VvzAEE,CumTown - Chuck E. Cheezing It (With Visuals),Chief DoubleDown,2021-04-01T22:08:27Z,63832,1101.0,https://youtu.be/2_uX8VvzAEE,253,,1
LyrZjbYfh3c,Cumtown - Nick doesn't love anything,Bobby Sandiego,2023-04-26T00:23:31Z,63479,1123.0,https://youtu.be/LyrZjbYfh3c,,,0
Yd57MjPU6VA,Bernie Sanders Town Hall | AI C*mtown,Crumb Town,2025-03-03T22:43:11Z,63284,1151.0,https://youtu.be/Yd57MjPU6VA,151,,1
ku8KvqFqkGY,Katt Williams - Cumtown Podcast,Undisputed Top Ten,2022-05-01T23:01:01Z,62880,703.0,https://youtu.be/ku8KvqFqkGY,,,0
Nrj7_vncMyk,Cum Town - Senegalese Parrot,quinn,2018-01-02T00:43:54Z,62788,832.0,https://youtu.be/Nrj7_vncMyk,83,,1
SFl3WlGfyqU,Stavros Halkias Favorite Teacher  | CUMTOWN ANIMATED,saul,2023-08-20T16:46:32Z,62750,1983.0,https://youtu.be/SFl3WlGfyqU,,,0
WMWAm4lQ2SY,The Breakfast Sandwich Fiasco | AI C*mtown,Crumb Town,2025-03-29T20:05:15Z,62661,907.0,https://youtu.be/WMWAm4lQ2SY,277,,1
Ier5XrVjCZw,Cumtown - To Catch a Predator Saudi Arabia,Undisputed Top Ten,2022-12-16T17:00:15Z,62285,1211.0,https://youtu.be/Ier5XrVjCZw,,,0
H7Vsplf109E,Cumtown Election Meltdown,Chadam Friedland,2023-08-18T19:27:27Z,62182,542.0,https://youtu.be/H7Vsplf109E,,,0
tyR8XhUR6tg,CUMTOWN | Tim Curry as Ronald McDonald,Looney Trash,2023-11-10T17:21:27Z,62143,2921.0,https://youtu.be/tyR8XhUR6tg,,,0
o3N3fbetEF8,Cumtown   Alcoholism feat Ian Fidance,Adolph Cohen,2022-09-16T13:00:34Z,62053,512.0,https://youtu.be/o3N3fbetEF8,,,0
rhxmwz2KrbQ,Countdown to the suckocalpyse (10-4-2020) - Cum Town Premium,The CTown Podcast Archive,2020-10-05T20:10:05Z,62010,754.0,https://youtu.be/rhxmwz2KrbQ,,,0
_Vlk2XXA8ik,Colonel Bustard - Cum Town Animated,GRIFT ROCKET,2018-10-23T03:51:51Z,62000,1193.0,https://youtu.be/_Vlk2XXA8ik,,62,1
Rofse2uNoKE,Cumtown - Xtreme party Rob,Cumtry Roads,2022-12-20T13:00:23Z,61999,731.0,https://youtu.be/Rofse2uNoKE,,,0
LC6ZUBFupdA,Cum Town Ep.38 - Good Prison vs Bad Prison (Ft. Felix Biederman),Tube Angel,2018-11-05T05:29:12Z,61896,547.0,https://youtu.be/LC6ZUBFupdA,38,,1
UpEgUV4uicM,The History of Cum Town | A Podcast Masterpiece,Blind Mike Project,2024-11-14T01:00:05Z,61785,1554.0,https://youtu.be/UpEgUV4uicM,7,,1
PxV0G3QK0IQ,Cum Town - The Perfect Gender,quinn,2018-03-27T00:17:59Z,61686,963.0,https://youtu.be/PxV0G3QK0IQ,,,0
dfFF8PrWs_g,Nick Mullen's Proposal to Expand the country of Niger,JuwannaBlomie,2024-09-23T16:01:18Z,61574,2133.0,https://youtu.be/dfFF8PrWs_g,72,,1
2UcMaiPirig,Cum Town - Brain Wars at Best Buy,La Ville du Cum,2018-02-18T01:15:37Z,61331,719.0,https://youtu.be/2UcMaiPirig,,,0
slbLTfkyKRI,Nick Mullen & Stavros Halkias write better SAW Movies,A54 ,2024-07-16T17:00:38Z,61260,974.0,https://youtu.be/slbLTfkyKRI,,,0
TyKtjkpGTqk,Cum Town Premium: its a soduku this time (Bonus 86),Tube Angel,2018-07-08T18:16:30Z,60860,568.0,https://youtu.be/TyKtjkpGTqk,,86,1
BAvjIPoDnC4,CumTown Premium Episode (6-28-2020),Town Manager,2024-07-31T16:43:10Z,60842,1339.0,https://youtu.be/BAvjIPoDnC4,,,0
0VI0FGqvsMA,Cum Town -  Ep. 26 - CONGRATULATIONS PRESIDENT HILLARY!!!!,Eternal Podcasts,2020-12-16T09:21:50Z,60824,502.0,https://youtu.be/0VI0FGqvsMA,26,,1
LRlbL34W3PI,Nick Mullen's Dad DESTROYS STAV FROM CUMTOWN! Stavros Halkias EXPOSED on H3! He's PHONY!,Redbar Paradise,2023-07-24T13:42:29Z,60789,703.0,https://youtu.be/LRlbL34W3PI,,,0
VV5T-CpTN94,Cum Town: Thick Women,Rhiannon Krausz,2017-08-17T20:47:25Z,60788,175.0,https://youtu.be/VV5T-CpTN94,,,0
i3UKT7fxUzA,Cumtown Animated: Katt Williams Meatwad,dinosaur club,2023-01-05T10:00:22Z,60717,2017.0,https://youtu.be/i3UKT7fxUzA,,,0
nB_30w_kAgQ,Cumtown Episodes To Help Us Connect On Linkedin (69.9 FM The Bust),Gum Town,2025-05-18T01:05:29Z,60642,527.0,https://youtu.be/nB_30w_kAgQ,,,0
YFxiOtnP2FU,Cum Town Ep.47 - Foody For THought lol,Tube Angel,2018-11-05T05:35:58Z,60295,448.0,https://youtu.be/YFxiOtnP2FU,47,,1
Om7DfbeUot0,Cum Town - The hot deaf girl and the gay time machine in ancient china (re-upload),Asian Fidance,2020-09-03T03:15:06Z,60207,1453.0,https://youtu.be/Om7DfbeUot0,,,0
vCHitnoa98Q,Cum Town - Vintage Jeans Store (Re-upload),Asian Fidance,2020-10-03T17:06:24Z,60204,890.0,https://youtu.be/vCHitnoa98Q,,,0
kt9oy08Liho,Cumtown - Commercials,Cumintown Clips,2022-12-14T21:00:29Z,59866,1124.0,https://youtu.be/kt9oy08Liho,,,0
3_lpr5I6Kow,"Cum Town: Reginald Bust, the Cowboy Who Can't Stop Busting",Remember Shuffle,2023-03-04T15:11:06Z,59758,1276.0,https://youtu.be/3_lpr5I6Kow,,,0
qsJhYXSRyS4,Old Cumtown Episodes for a comfy day 2,SpermaStadt,2024-02-04T23:08:56Z,59590,631.0,https://youtu.be/qsJhYXSRyS4,4;5;6;7;8;9;10,,7
msLZW280XtI,Cum Town - Naked Dads,La Ville du Cum,2018-08-05T15:53:31Z,59468,466.0,https://youtu.be/msLZW280XtI,,,0
qQC0rJrGvLQ,Cumtown Animated: The Ultimate Prank Phone Call,dinosaur club,2022-04-22T05:41:21Z,59374,1750.0,https://youtu.be/qQC0rJrGvLQ,,,0
OWIolyBY-9w,Cumtown - Nick Mullen on Friendship,MentallyChinese,2023-04-26T12:00:13Z,59252,720.0,https://youtu.be/OWIolyBY-9w,,130,1
VZTktuSTmKY,Cumtown - Dallas Buyers Club,Cumintown Clips,2022-12-20T21:00:10Z,59214,1575.0,https://youtu.be/VZTktuSTmKY,,,0
3phgsu7qxm4,Cumtown - Taylor Sheridan,Cumintown Clips,2022-12-09T16:00:01Z,58942,1745.0,https://youtu.be/3phgsu7qxm4,,,0
viMoNoXYLZk,Cum Town - Small Dick Linkin Park,Chad Ghostal,2018-07-16T23:22:45Z,58568,1012.0,https://youtu.be/viMoNoXYLZk,,,0
NKEekxmydmc,Cum Town - Halloween Costumes,La Ville du Cum,2018-05-12T21:37:53Z,58379,464.0,https://youtu.be/NKEekxmydmc,97,,1
XnRKAkm6fpM,Cumtown - Steven Crowder,JCxVONxDOOM,2021-10-07T05:44:19Z,58339,1576.0,https://youtu.be/XnRKAkm6fpM,216,,1
GIXeZvxKybw,Cumtown - Imagine Dragons,Cum Fred Town Edit,2023-01-05T21:00:11Z,57814,592.0,https://youtu.be/GIXeZvxKybw,,,0
ynx7TmXoRLQ,Cumtown - Bad Comics,RosebudDelicious,2025-02-09T21:43:41Z,57797,491.0,https://youtu.be/ynx7TmXoRLQ,,,0
a6VKLwkz3sU,Cumtown's Nick Mullen Stavros Halkias and Adam Friedland Wrestle and riff,DawngJuice,2022-05-24T10:25:09Z,57545,1073.0,https://youtu.be/a6VKLwkz3sU,,,0
F03RFepEUiw,Trouble With Tigger (CumTown animated),Oliver Mendes,2023-11-15T21:53:13Z,57348,1072.0,https://youtu.be/F03RFepEUiw,,100,1
l4Fnt7UjOeo,Cum Town Ep.37 - Goldust Wasn't Gay,Tube Angel,2018-11-05T05:26:18Z,57212,400.0,https://youtu.be/l4Fnt7UjOeo,37,,1
OUEAK2fWF5c,Cum Town - 10-inch-tall Man,La Ville du Cum,2018-06-30T14:26:10Z,57198,767.0,https://youtu.be/OUEAK2fWF5c,10,,1
fSD8Tx6KKtM,Seagulls - Cumtown,Sleepy Boys,2023-02-07T14:00:22Z,57059,354.0,https://youtu.be/fSD8Tx6KKtM,,,0
ehQKxwGU-JE,The Bit that Broke Nick -CMTOWN Reaction,Frankenstein's Lab,2024-07-23T16:57:23Z,57014,1703.0,https://youtu.be/ehQKxwGU-JE,,,0
oH5BDmchpSA,The Sleepy Boys  - Cumtown Ep 3,Sleepy Boys,2023-02-10T14:00:33Z,56632,296.0,https://youtu.be/oH5BDmchpSA,3,,1
VojQD2ZfazM,Cum Town | Glenn Danzig,kidpresentable,2017-04-21T23:02:14Z,56395,678.0,https://youtu.be/VojQD2ZfazM,,,0
MRECptWLivM,Cum Town - What’s His Name?,Joe Blow,2018-09-17T02:07:09Z,55603,689.0,https://youtu.be/MRECptWLivM,,,0
PZAv6dynbfQ,Bruno Mars Interview - Cumtown,T.A.F.S,2022-07-01T20:00:09Z,55596,841.0,https://youtu.be/PZAv6dynbfQ,,,0
q5LkP3KaoWk,Funniest Cumtown Bits pt.4,MSSPDailyDose,2024-08-18T15:56:57Z,55511,462.0,https://youtu.be/q5LkP3KaoWk,,,0
nREU3c7LShU,Cumtown - Name 5 Girls,Thousand Island Stare,2021-11-28T21:59:53Z,55433,946.0,https://youtu.be/nREU3c7LShU,,,0
_CN8EmAJGRM,"Cumtown Movie Reviews (I Am Sam, Of Mice and Men, Radio,  Rain Man)",Clipoholics Anonymous,2021-05-07T02:04:29Z,55342,725.0,https://youtu.be/_CN8EmAJGRM,,,0
eWYXCJA5S7o,Cum Town - Anthony Cumia takes over NPR,Mac Sessions,2016-12-09T01:01:55Z,55260,726.0,https://youtu.be/eWYXCJA5S7o,,,0
T0RBpjB5kqg,C-Town- Nick is Japanese Compilation,Newporter Smoke,2025-07-25T08:40:00Z,55254,645.0,https://youtu.be/T0RBpjB5kqg,,,0
9OQT_Glnpe0,Cumtown - The Boys Talk About Nazis,Crackle In Time,2017-11-29T08:57:08Z,55057,712.0,https://youtu.be/9OQT_Glnpe0,,,0
ZNtOBJ9Ntpw,"Cum Town - Roomba, Cow RPG, Paula Deen",Bennington Quibbits,2017-06-12T04:09:08Z,54967,671.0,https://youtu.be/ZNtOBJ9Ntpw,40,,1
G03Lq_blue4,Cum Town Premium: Digging deepah (bonus 58),Tube Angel,2018-05-25T13:43:01Z,54954,558.0,https://youtu.be/G03Lq_blue4,,58,1
YEmVz6SaVeQ,Cumtown - Smooth Brain Criminal,MentallyChinese,2023-02-09T11:58:19Z,54422,1043.0,https://youtu.be/YEmVz6SaVeQ,,,0
9bamn1JOK-E,CUMTOWN - Pakistani Guy Vickram,Comedy Podcast Gold,2018-05-23T02:10:32Z,54364,874.0,https://youtu.be/9bamn1JOK-E,,,0
QJXfFN6VYP4,Nck Mullen - Checkers stop on the way to Emergency Room / Stavros Halkias adam friedland Big Buford,SHODOHC,2024-10-04T00:06:41Z,54312,703.0,https://youtu.be/QJXfFN6VYP4,,,0
BpctroiWhFM,Cum Town Premium: should i do twitch (Bonus 85),Tube Angel,2018-07-08T23:28:21Z,54067,391.0,https://youtu.be/BpctroiWhFM,,85,1
MprtANtz-BE,CumTown - Mrs. Doubtfire 2,Xavier Quintana,2021-01-08T13:58:57Z,54056,712.0,https://youtu.be/MprtANtz-BE,,,0
IGG3y6ej418,Every episode of Cumtown be like (part 3),Shake and Jake,2021-12-22T03:31:45Z,53757,2012.0,https://youtu.be/IGG3y6ej418,,,0
lARo9Klb8NU,Cum Town - Bryan Singer Victim,I'm Not Even,2017-12-13T21:01:50Z,53712,656.0,https://youtu.be/lARo9Klb8NU,,,0
KeLLMydchCQ,Fatal Farm Duck Tales alt. intro - Stavros' Cum Town reaction,kwirk,2017-07-15T05:41:46Z,53528,1041.0,https://youtu.be/KeLLMydchCQ,60,,1
eDQJXAZnsOQ,CUM TOWN: Brain Parasite Jeff Foxworthy w/ Inspector Faggot,Next Stop Cum Town,2017-06-02T06:43:48Z,52425,714.0,https://youtu.be/eDQJXAZnsOQ,54,,1
0JmI6eyX0Jc,Cumtown - Fat People Clothes,Huey Barrymore,2023-02-23T22:30:00Z,52329,541.0,https://youtu.be/0JmI6eyX0Jc,,4,1
zX1yV6x4xh0,Cumtown   Giovanni Ribisi Designer Clothes,mustapha anir,2021-12-13T14:46:43Z,52178,547.0,https://youtu.be/zX1yV6x4xh0,,,0
Byt0AtZTQhw,old timey penis salesman - Cumtown,Just Tim,2022-03-03T13:32:33Z,52160,1327.0,https://youtu.be/Byt0AtZTQhw,,,0
xyVWHbql1Jk,Cumtown - Gary Coleman,JCxVONxDOOM,2021-07-05T00:29:56Z,52036,713.0,https://youtu.be/xyVWHbql1Jk,,243,1
QMKcXhlstdU,Cumtown | Adam Steals Nick's Holes Bit,CoomToon,2021-10-15T05:22:45Z,51806,968.0,https://youtu.be/QMKcXhlstdU,,,0
veOZ3k9Cuvs,Garfield L'Zanya - Cumtown Podcast,Undisputed Top Ten,2022-04-29T16:51:09Z,51797,767.0,https://youtu.be/veOZ3k9Cuvs,,,0
FDtzy5Kc1A8,Nick Mullen's advice for anyone pursuing stand up comedy,@noaccount4taste,2024-09-30T20:57:01Z,51779,1268.0,https://youtu.be/FDtzy5Kc1A8,,,0
kU5JR06k2OI,The Confessions of Saint Augustine | CMTOWN,Crumb Town,2025-02-15T00:41:01Z,51695,815.0,https://youtu.be/kU5JR06k2OI,237,,1
dD7CqkijPdM,Cumtown | Charlie Rose,MentallyChinese,2021-01-17T23:44:08Z,51639,569.0,https://youtu.be/dD7CqkijPdM,198,,1
Bd8XId3rM_0,Cumtown Extra   Tim Dillon is Going to Hell   Dinner Pig w Nick Mullen,Bit Prospector,2024-09-09T05:21:17Z,51614,508.0,https://youtu.be/Bd8XId3rM_0,,,0
Z3HuhhiAGCI,Cumtown - Adam's Dad Compilation (Re-Reupload),Not A Chinaman,2024-11-25T20:34:24Z,51481,1004.0,https://youtu.be/Z3HuhhiAGCI,,,0
A_ZlerhISEA,cum town: hot girl voice,weez,2017-10-16T16:13:40Z,51170,559.0,https://youtu.be/A_ZlerhISEA,,,0
1ipsiI4nKdw,Nick On Jeopardy - Cumtown,Sleepy Boys,2023-03-03T14:00:02Z,50841,365.0,https://youtu.be/1ipsiI4nKdw,175,,1
JuhRshvFjxs,Cumtown - Nell,Cumintown Clips,2022-12-12T16:00:07Z,50574,1475.0,https://youtu.be/JuhRshvFjxs,,,0
I-IVSIKuMZY,cum town: zuckerberg's self-image,weez,2017-10-03T15:29:05Z,50432,842.0,https://youtu.be/I-IVSIKuMZY,,,0
tpglTpO8cbg,Cum town - First Bit,J,2017-04-01T06:30:38Z,50316,994.0,https://youtu.be/tpglTpO8cbg,,,0
u6fWeEPaOZ0,Cum Town Premium: Adams Whore Addiction (Bonus 36),Tube Angel,2018-05-22T14:29:51Z,49771,399.0,https://youtu.be/u6fWeEPaOZ0,,36,1
wBBD8xkZoao,CumTown - The Sopranos Compilation,MIKE HOCK,2025-01-28T13:30:42Z,49676,684.0,https://youtu.be/wBBD8xkZoao,,,0
EHKgv-obxOc,Too fat for tracksuits | Cumtown,totalfagetown,2024-03-28T01:07:07Z,49564,441.0,https://youtu.be/EHKgv-obxOc,136,,1
qCvxIM-ilnI,Cumtown - Nick Doesn't Get Shang-Chi,Thousand Island Stare,2021-09-30T21:34:24Z,49561,828.0,https://youtu.be/qCvxIM-ilnI,,,0
PwX7DjYOn2Q,Volt's Last Straw - The Vitamix,AZFK,2026-01-06T18:11:05Z,49266,3485.0,https://youtu.be/PwX7DjYOn2Q,,,0
72nKydMILVg,The World’s Best Criminal - CMTOWN ANIMATED Reaction,Frankenstein's Lab,2024-07-28T19:17:37Z,48972,1338.0,https://youtu.be/72nKydMILVg,,,0
WRuhf8_CC_M,Nick Mullen IT'S CUMTOWN.,SHODOHC,2025-07-25T04:12:42Z,48126,517.0,https://youtu.be/WRuhf8_CC_M,,,0
pFLzgxiuoOY,Cumtown - Malcolm in the Middle,Undisputed Top Ten,2022-12-19T00:30:09Z,48086,590.0,https://youtu.be/pFLzgxiuoOY,,,0
zjvFaIPo9P0,Cum Town: HOMOAB,Rhiannon Krausz,2017-04-20T13:29:01Z,47729,808.0,https://youtu.be/zjvFaIPo9P0,,,0
5EfX6gS_j6U,Nick Mullen & The Costco Free Sample Debate | AI CMTOWN,Crumb Town,2025-04-18T19:51:35Z,47475,627.0,https://youtu.be/5EfX6gS_j6U,,139,1
4isgrA-wK9c,Cum Town Premium: Stav's Toys,Tube Angel,2018-05-22T14:16:10Z,47273,316.0,https://youtu.be/4isgrA-wK9c,,,0
ha-5SKVDTcw,"Cum Town: Chris Kyle, Special Olympics, Spawn",Rhiannon Krausz,2017-07-22T00:10:39Z,47188,627.0,https://youtu.be/ha-5SKVDTcw,,,0
VZhiBqVeoEM,Nick Mullen On Iran & Trump | The Best of Nick Mullen,Cum Town Archive,2026-03-13T16:00:56Z,46543,666.0,https://youtu.be/VZhiBqVeoEM,,,0
Vmo-j6qK3Cs,Cum Town-  Nick Goes Native,Newporter Smoke,2024-07-31T23:11:35Z,46176,729.0,https://youtu.be/Vmo-j6qK3Cs,,,0
deArSF7hqjA,Magneto | Cumtown,Webisu,2021-09-03T00:45:00Z,45775,701.0,https://youtu.be/deArSF7hqjA,,40,1
bZSmgeHMRL0,another insane cumtown ad read -CTOWN,MSSPDailyDose,2024-06-29T04:37:19Z,45758,231.0,https://youtu.be/bZSmgeHMRL0,,,0
nGY8cASGhno,"cumtown Nick's Legendary  impressions- CALI Brah, Michael Douglas, Owen Wilson, Jean Claud Vandame",SHODOHC,2023-04-05T21:16:39Z,45703,555.0,https://youtu.be/nGY8cASGhno,,,0
Vre7iPEIKlQ,Cum Town Premium: Cocaine Cowboys 2 full,Tube Angel,2018-05-22T14:03:19Z,44590,434.0,https://youtu.be/Vre7iPEIKlQ,,,0
-XWEEP6xz5o,The Godfather  - Cumtown Podcast,Undisputed Top Ten,2022-04-29T17:06:33Z,44441,526.0,https://youtu.be/-XWEEP6xz5o,,,0
0HVoGwUVCG0,CUMTOWN- A  NICK MULLEN CLASSIC,Oopsie Poopsie,2021-04-23T21:28:09Z,44231,2331.0,https://youtu.be/0HVoGwUVCG0,,,0
eLDuyNJ7oPw,Cumtown Soundboard Compilation,TAFS Compilations,2022-09-25T20:10:22Z,44221,897.0,https://youtu.be/eLDuyNJ7oPw,,,0
E73r19qvYdU,Cum Town Ep.40 - Valentimes,Tube Angel,2018-11-05T05:30:53Z,43608,400.0,https://youtu.be/E73r19qvYdU,40,,1
hAIiCZq_yKY,Andres Steakhouse - Cumtown Podcast,Undisputed Top Ten,2022-05-01T15:33:05Z,43600,499.0,https://youtu.be/hAIiCZq_yKY,,,0
RCqYWHp9NmI,CumTown Nick Mullen - Anna N-Word Award (Fixed Audio),The Mchenry Man Show,2022-04-28T23:26:55Z,43472,681.0,https://youtu.be/RCqYWHp9NmI,309,,1
KxQkLiSFCTo,"""Special Labor"" (CumTown feat. Nick Rochefort)",Dadutta,2022-05-15T09:20:08Z,43427,1215.0,https://youtu.be/KxQkLiSFCTo,,269,1
5_uv3m4YSBo,Best Cumtown Bits Volume 1,RosebudDelicious,2025-02-07T05:46:28Z,43188,639.0,https://youtu.be/5_uv3m4YSBo,,228;295,2
QSbgPRz_aYw,Cum Town - John's Movie Reviews,pwnage.exe,2017-11-03T07:07:55Z,43017,474.0,https://youtu.be/QSbgPRz_aYw,18,,1
JLySxtXaM7s,Cum Town: Michael Jackson Shrine,Rhiannon Krausz,2017-05-27T22:35:02Z,42963,535.0,https://youtu.be/JLySxtXaM7s,,,0
OVFXfpZtCYY,Cumtown: Say It Proper Boy,Radio Clips,2021-12-31T02:49:22Z,42884,1344.0,https://youtu.be/OVFXfpZtCYY,,,0
4K1IvUCHuhI,Cum Town - daycare stories,What The...,2017-02-27T01:39:30Z,42813,1066.0,https://youtu.be/4K1IvUCHuhI,,,0
pN54w98oRMA,CumTown radio station,Somewhatschmidt,2021-01-24T08:15:23Z,42605,1099.0,https://youtu.be/pN54w98oRMA,,,0
4aTAwy0QJfo,Senegal Parrot - Cumtown Animation,Bong Jovi,2021-10-13T22:53:48Z,42443,1561.0,https://youtu.be/4aTAwy0QJfo,83,,1
fYSbRFuOzyc,Cumtown | Pokémon,MentallyChinese,2021-01-30T00:37:09Z,42421,846.0,https://youtu.be/fYSbRFuOzyc,,,0
E3C6PPdh_Hk,Cumtown | Nick's Game Show Idea,Best Friends Compilations,2023-10-29T06:30:05Z,42269,883.0,https://youtu.be/E3C6PPdh_Hk,83,,1
TW6D9ERVWsA,Cumtown Premium Patreon Ep. 222 The Fagic Schoolbus (2-7-2021),Cumtown Premium,2021-02-07T19:52:57Z,42232,441.0,https://youtu.be/TW6D9ERVWsA,,222,1
ZYIblF_dnM4,"""Albino Story"" (CumTown feat. Nick Rochefort)",Dadutta,2022-05-15T07:24:47Z,42225,659.0,https://youtu.be/ZYIblF_dnM4,,269,1
TNcR_bq5GMk,Cum Town - Lawrence,J,2017-05-20T02:31:20Z,42204,540.0,https://youtu.be/TNcR_bq5GMk,,,0
3Sen2nGHuME,Cumtown - Carlton Forced Into Every Will Smith Movie,Bane Gillis,2021-10-01T05:56:49Z,42128,847.0,https://youtu.be/3Sen2nGHuME,37,,1
6fPtwle8nyE,CumTown Premium Ep 253 - I mean it (1/9/22),Jon Play Some Games,2025-05-04T12:25:13Z,42095,298.0,https://youtu.be/6fPtwle8nyE,,253,1
BntCrlv7CZw,Cumtown | Jay Leno,MentallyChinese,2021-02-22T20:10:14Z,42007,654.0,https://youtu.be/BntCrlv7CZw,,224,1
6eWOEtQ6spA,BetDSI.com - Cumtown,T.A.F.S,2022-06-07T20:00:59Z,41714,474.0,https://youtu.be/6eWOEtQ6spA,,,0
ffARl243g4c,Crossword - Cumtown Podcast,Undisputed Top Ten,2022-05-01T02:34:35Z,41692,378.0,https://youtu.be/ffARl243g4c,,,0
Cz6Waik8I88,Cumtown - George Carlin,JCxVONxDOOM,2021-08-30T07:56:31Z,41416,837.0,https://youtu.be/Cz6Waik8I88,274,,1
l59-jFse9M4,Cumtown - British comedy,Cboy ,2021-08-05T12:13:33Z,41401,707.0,https://youtu.be/l59-jFse9M4,,,0
nYG5IfZqysg,Al 'Cappuccino' Pacino | Cumtown,Cum Town Archive,2022-09-09T14:00:34Z,41165,620.0,https://youtu.be/nYG5IfZqysg,,,0
ppdcjWGzPdE,Cumtown | Black Nerds,Esoterio,2021-12-16T10:05:44Z,41154,506.0,https://youtu.be/ppdcjWGzPdE,,,0
fql3XqRYOd8,"Chapo Trap House Reviews Joker [2019] Ft. Adam Friedland, Nick Mullen, Jen Pan, and Matt Brady",Forbidden Fruit,2024-10-30T20:30:03Z,41126,548.0,https://youtu.be/fql3XqRYOd8,,,0
zBed0pBpK3Q,Weight Watchers | Cumtown,Webisu,2021-09-01T00:45:01Z,41106,618.0,https://youtu.be/zBed0pBpK3Q,,40,1
medbebUNoVw,Honda Element - Cumtown Podcast,Undisputed Top Ten,2022-04-29T17:02:34Z,41044,502.0,https://youtu.be/medbebUNoVw,,,0
g22HEc_lazA,Cumtown - Facebook Police,A,2017-03-29T14:10:14Z,40878,423.0,https://youtu.be/g22HEc_lazA,32,,1
6Y_nvsRthXs,Nick Mullen's Little Devil Prankster Kit | CM Town,Crumb Town,2025-04-11T17:54:01Z,40849,848.0,https://youtu.be/6Y_nvsRthXs,175,,1
-5FZkzD2Xu0,Cumtown Cruisin' Dan,Chadam Friedland,2023-08-01T18:00:00Z,40766,444.0,https://youtu.be/-5FZkzD2Xu0,,,0
twjnID_NXgY,cumtown - nick mullen the driving instructor,Antonio Cumia,2021-01-26T05:22:24Z,40759,474.0,https://youtu.be/twjnID_NXgY,,,0
Fq_WSW0HFJA,The REAL Reason Stavros Left Cumtown?,Joke WRLD,2022-12-16T19:55:05Z,40548,600.0,https://youtu.be/Fq_WSW0HFJA,,,0
6QuUTGS-oy0,Nick Mullen Thinks He Nailed It | CTown Compilation,CumTown SOPRANOS,2026-01-17T02:00:05Z,40259,266.0,https://youtu.be/6QuUTGS-oy0,,,0
RmP38Qe9PsY,Donald Trump | Cumtown,Cum Town Archive,2022-09-28T15:00:18Z,40135,667.0,https://youtu.be/RmP38Qe9PsY,,,0
OnGWcVstbHE,Nick Mullen on There Will Be Blood's Hidden Meaning w/ Adam Friedland,A54 ,2024-02-26T21:00:07Z,40074,635.0,https://youtu.be/OnGWcVstbHE,,,0
-qiObp-ILYM,CumTown | Bob Dylan,Somewhatschmidt,2021-01-28T00:25:16Z,40073,544.0,https://youtu.be/-qiObp-ILYM,,,0
Wk-0zzAfnf0,Ben Hur | Cumtown,Webisu,2021-07-06T00:30:04Z,39877,558.0,https://youtu.be/Wk-0zzAfnf0,23,,1
WUXgLbpyZMk,Cum Town - Young Sheldon,pwnage.exe,2017-09-18T05:19:18Z,39656,587.0,https://youtu.be/WUXgLbpyZMk,,,0
fP63-_Av6u0,Cumtown Premium Patreon Episode 224  Gay Trading (2-21-21),Cumtown Premium,2021-02-21T17:52:42Z,39445,431.0,https://youtu.be/fP63-_Av6u0,,224,1
OKv01EpDlFk,CumTown - Old Wives Tales (With Visuals),Chief DoubleDown,2021-03-26T00:17:00Z,39240,675.0,https://youtu.be/OKv01EpDlFk,252,,1
hX-r_w8IW-U,Cumtown - Boosie HomoSexualAzz,Thousand Island Stare,2021-07-22T22:43:31Z,38880,533.0,https://youtu.be/hX-r_w8IW-U,,,0
alAp49cyD1c,Cumtown - Indian Smash Mouth,Thousand Island Stare,2021-12-11T00:57:25Z,38626,657.0,https://youtu.be/alAp49cyD1c,,,0
NyErzj9mJ8M,Shane Gillis And Matt McCusker - Shane and Matt | Cumtown Throwback,Cum Town Archive,2025-09-13T16:00:39Z,38405,510.0,https://youtu.be/NyErzj9mJ8M,159,,1
_TImORSjxMw,Nigerian Shark Tank | AI C*mtown,Crumb Town,2025-01-25T16:57:35Z,38212,489.0,https://youtu.be/_TImORSjxMw,,,0
WSxtPkeDZZI,Cursed Sesame Street - CMTOWN ANIMATED Reaction,Frankenstein's Lab,2024-09-10T02:58:12Z,38204,1222.0,https://youtu.be/WSxtPkeDZZI,,,0
uSoPiC7S6-E,Cum Town - Ep. 89 - Tai Bo,Eternal Podcasts,2023-07-06T12:00:52Z,37275,298.0,https://youtu.be/uSoPiC7S6-E,89,,1
9MVcUzHt0cU,Tony Soprano ❤️ Pepper Ann | Cumtown Classics,Cum Town Archive,2025-04-03T15:00:09Z,37228,681.0,https://youtu.be/9MVcUzHt0cU,,,0
xUfILMzJ8iQ,"Stavros Halkias on Cum Town Changing His Life, Baltimore Pride, & More | South Beach Sessions",LeBatardShow,2024-10-31T18:00:45Z,37173,772.0,https://youtu.be/xUfILMzJ8iQ,,,0
KgKomlmjG6k,Cumtown - Adam's feud with a Clinton,Cumtry Roads,2023-01-06T13:00:19Z,36822,368.0,https://youtu.be/KgKomlmjG6k,,,0
8mHyWxDCw4w,"cumtown SAW, Castaway, Get Fired, plus more?",SHODOHC,2023-03-27T14:22:25Z,36709,525.0,https://youtu.be/8mHyWxDCw4w,,,0
MzJ_l3Oa9pc,Cumtown - Gay Sam Elliot,Michael,2023-02-28T04:44:14Z,36354,657.0,https://youtu.be/MzJ_l3Oa9pc,122,,1
uwfno7tLLjk,Cum Town - Ep. 94 - Museum boys,Eternal Podcasts,2023-07-12T12:00:47Z,36282,264.0,https://youtu.be/uwfno7tLLjk,94,,1
nP7EGpVfH1o,Cum Town Ep.39 - Petey Dat Boi,Tube Angel,2018-11-05T05:29:56Z,36103,295.0,https://youtu.be/nP7EGpVfH1o,39,,1
OfwoWdmqQRQ,Cum Town - Ep. 97 - Another delay,Eternal Podcasts,2023-07-15T12:00:19Z,36013,266.0,https://youtu.be/OfwoWdmqQRQ,97,,1
HvmIqBLuySw,Cumtown - Heroin,T.A.F.S,2024-01-02T20:00:07Z,35966,599.0,https://youtu.be/HvmIqBLuySw,,,0
jopmv8T-AqI,Tim Dillon - Ideal Podcast Hours | Cumtown Throwback,Cum Town Archive,2025-09-01T17:00:58Z,35919,485.0,https://youtu.be/jopmv8T-AqI,95,,1
-Fv0cRPC2KA,Cum Town - Ep. 98 - Adam's birthday,Eternal Podcasts,2023-07-16T12:00:00Z,35788,303.0,https://youtu.be/-Fv0cRPC2KA,98,,1
UN90coIhSac,Cum Town - Ancient Instruments,La Ville du Cum,2018-05-07T03:00:31Z,35705,374.0,https://youtu.be/UN90coIhSac,84,,1
qVEj5p0NgpQ,Cum Town - Ep. 86 - Go Back to Africa,Eternal Podcasts,2023-07-04T12:00:40Z,35624,274.0,https://youtu.be/qVEj5p0NgpQ,86,,1
0RfAKJxmf_I,Morgan Freemen in “Shawshank redemption”,BlubberTown,2024-02-29T18:53:31Z,35526,400.0,https://youtu.be/0RfAKJxmf_I,,,0
8C279uiWM6Q,Cumtown - Easy Cancer,Cum Fred Town Edit,2023-01-01T23:30:00Z,35377,296.0,https://youtu.be/8C279uiWM6Q,,,0
LLE1sJD1Z-8,Cum Town - Tai Bo - Downs Jones,Bheemoth,2018-05-26T06:38:30Z,35199,482.0,https://youtu.be/LLE1sJD1Z-8,,,0
bTUGfaD9Mxg,Cum Town - Ep. 69 - Valero Boss,Eternal Podcasts,2023-06-16T12:00:23Z,35197,300.0,https://youtu.be/bTUGfaD9Mxg,69,,1
Qm4zMFdnaEQ,Cum Town - Ep. 105 - Writers room,Eternal Podcasts,2023-08-05T12:00:29Z,35069,329.0,https://youtu.be/Qm4zMFdnaEQ,105,,1
7XbTO13tyIw,Cum Town Live in Sydney (Official Audio),Tube Angel,2018-10-31T03:24:50Z,35037,462.0,https://youtu.be/7XbTO13tyIw,,,0
KrBJMNgIVPw,Cum Town - Ep. 90 - Bug Audio,Eternal Podcasts,2023-07-07T12:00:14Z,34965,259.0,https://youtu.be/KrBJMNgIVPw,90,,1
Go58KMGyD8M,Cum Town - Ep. 95 - Ideal Podcast Hours,Eternal Podcasts,2023-07-13T12:00:12Z,34943,369.0,https://youtu.be/Go58KMGyD8M,95,,1
PUvXNJbWDig,Cum Town Premium: Cocaine Cowboys (Bonus 1 full),Tube Angel,2018-05-22T13:51:33Z,34889,340.0,https://youtu.be/PUvXNJbWDig,,1,1
FGcwP3MbkeU,Nick Mullen’s Humor Is Pure Risk/ Cumtown Best Of,Sketch Comedy CTown,2026-03-10T01:43:18Z,34834,327.0,https://youtu.be/FGcwP3MbkeU,,,0
QZMbRzw3DMk,Adam's Clubbing Story | CMTOWN AI,Crumb Town,2025-05-02T18:01:16Z,34631,532.0,https://youtu.be/QZMbRzw3DMk,,,0
t_-ceWvL3q8,Cum Town - Ep. 96 - Dan Schneider Goes Down,Eternal Podcasts,2023-07-14T12:00:44Z,34276,286.0,https://youtu.be/t_-ceWvL3q8,96,,1
qRYNhVwjr1M,Cum Town - Hot Topic Pastor,La Ville du Cum,2018-08-17T00:00:09Z,34225,380.0,https://youtu.be/qRYNhVwjr1M,,,0
cCaIL-npE3s,Cum Town Premium: Replaciadios (Bonus 48),Tube Angel,2018-07-09T03:49:41Z,34154,261.0,https://youtu.be/cCaIL-npE3s,,48,1
knndjUFrKTs,Cum Town - Ep. 88 - Finally Real Boys,Eternal Podcasts,2023-07-05T12:00:38Z,34148,255.0,https://youtu.be/knndjUFrKTs,88,,1
egunFiKBvsg,Cum Town - Ep. 87 - Podcasting Gear from Marshalls,Eternal Podcasts,2023-07-05T12:00:25Z,34067,260.0,https://youtu.be/egunFiKBvsg,87,,1
n5tNBwGGl5Y,Cum Town Premium: Christmas Spectacular w Felix (Bonus 16),Tube Angel,2018-07-27T22:59:26Z,33802,287.0,https://youtu.be/n5tNBwGGl5Y,,16,1
0NexwpUIJKI,Cum Town - Ep. 79.2 - Bumbaclot,Eternal Podcasts,2023-06-26T12:00:00Z,33787,270.0,https://youtu.be/0NexwpUIJKI,79,,1
HyVOhMfLu-A,Cum Town - Of Mickey Mouse and Men,La Ville du Cum,2018-07-28T03:18:13Z,33765,286.0,https://youtu.be/HyVOhMfLu-A,,,0
adS4wCcr7Hw,Adam Friedland On MSNBC,Gum Town,2025-10-08T21:28:50Z,33619,1019.0,https://youtu.be/adS4wCcr7Hw,,,0
FMsHlX8Nxh8,Cumtown | Ep  201   Oohs cawk mate,Bit Prospector,2024-09-04T04:19:25Z,33563,360.0,https://youtu.be/FMsHlX8Nxh8,201,,1
8NL_FAs7K8o,Funniest Cumtown Bits - pt. 5,MSSPDailyDose,2024-09-15T22:28:20Z,33264,215.0,https://youtu.be/8NL_FAs7K8o,,,0
5sx6dWcXLrk,cumtown hilarious betdsi read  - CTOWN,MSSPDailyDose,2024-06-27T17:57:36Z,33181,178.0,https://youtu.be/5sx6dWcXLrk,,,0
HDVMVD-GO30,CumTown | Special Riffs,Best Friends Compilations,2023-10-17T05:39:37Z,33166,421.0,https://youtu.be/HDVMVD-GO30,,,0
wLNKWypfpNI,ASSorted Cmtown Clip Compilation Vol. 1,Sgt. Popper,2025-08-10T10:32:21Z,33104,264.0,https://youtu.be/wLNKWypfpNI,,,0
a9QYZAeC8J4,Adam Friedland (the future of comedy) tells me to shut up lol #adamfriedland #tafs #cumtown,Alex Vincent,2023-01-23T23:15:08Z,33090,779.0,https://youtu.be/a9QYZAeC8J4,,,0
JSns-fYMEww,Adam Murdering | Cumtown,totalfagetown,2024-06-10T04:45:10Z,33072,297.0,https://youtu.be/JSns-fYMEww,,100,1
66nBFiw_t5w,Cumtown - WWI,Fimmy Jallon,2025-01-24T07:36:57Z,33047,433.0,https://youtu.be/66nBFiw_t5w,,127,1
hjJhzdl0E3k,Nick Mullen’s Kitchen Meltdown  | CTown Compilation 😂,CumTown SOPRANOS,2026-01-12T02:00:53Z,32886,322.0,https://youtu.be/hjJhzdl0E3k,,,0
Bpg_jlYGE4c,Tier One Operators | Cumtown,PodcastHallofFame,2024-05-27T19:30:00Z,32755,369.0,https://youtu.be/Bpg_jlYGE4c,,,0
gqXunLUkTIw,Cumtown | Bonus 180   ConspiRICEy,Bit Prospector,2024-09-03T23:32:29Z,32732,347.0,https://youtu.be/gqXunLUkTIw,,180,1
6nlEANz7OKI,Cum Town - Me likey gay sex,Tube Angel,2018-09-14T21:59:29Z,32620,402.0,https://youtu.be/6nlEANz7OKI,,99,1
UWq1LIPGxQQ,Cum Town - Ep. 91 - Cum Town Classic,Eternal Podcasts,2023-07-08T12:00:19Z,32538,376.0,https://youtu.be/UWq1LIPGxQQ,91,,1
_HawQYft7QQ,Molestrios - Cumtown,T.A.F.S,2023-03-29T19:00:24Z,32519,587.0,https://youtu.be/_HawQYft7QQ,,,0
0fjk6iLuWSk,Funny CumTown bits pt. 2,MSSPDailyDose,2024-07-07T20:52:20Z,32437,294.0,https://youtu.be/0fjk6iLuWSk,,,0
99NNbhHlKT4,San Frangelico Guy,Town Manager,2025-05-10T23:15:00Z,32187,596.0,https://youtu.be/99NNbhHlKT4,141;142,,2
g46B9Z-vj5U,The Ads Collection Volume 1 (Cum Town),Newporter Smoke,2024-09-03T19:27:32Z,32133,421.0,https://youtu.be/g46B9Z-vj5U,,,0
sgXwojp6jDY,Cumtown - What Would You Do??,MentallyChinese,2023-02-25T13:00:38Z,32033,421.0,https://youtu.be/sgXwojp6jDY,25,,1
FylsLuhDuGQ,Katt Williams Meatwad - CMTOWN ANIMATED Reaction,Frankenstein's Lab,2024-09-11T17:28:32Z,31655,1011.0,https://youtu.be/FylsLuhDuGQ,,,0
DImxaLXI9u0,Cum Town - Ep. 84 - Tube Town,Eternal Podcasts,2023-07-02T12:00:07Z,31627,285.0,https://youtu.be/DImxaLXI9u0,84,,1
WIeVaJG39xI,Stavros Halkais Stole $40K of Chocolates | AI CM Town,Crumb Town,2025-01-22T21:57:58Z,31484,449.0,https://youtu.be/WIeVaJG39xI,,,0
VXr9UAALUkM,Nick Mullen & Tim Dillon on The Epstein Files,Cum Town Archive,2026-02-14T17:30:06Z,31439,371.0,https://youtu.be/VXr9UAALUkM,,,0
HVQfX8Mce3k,Gay Bruce Springsteen | CMTOWN,Crumb Town,2025-09-21T19:48:58Z,31404,467.0,https://youtu.be/HVQfX8Mce3k,,134,1
XE5VhB_KNrs,Cumtown - Chinese Etiquette,Huey Barrymore,2023-02-26T22:30:05Z,31258,396.0,https://youtu.be/XE5VhB_KNrs,,7,1
LEGzbAcIXpQ,Cum Town - Ep. 103 - easily the worst episode in awhile,Eternal Podcasts,2023-08-03T12:00:24Z,31091,241.0,https://youtu.be/LEGzbAcIXpQ,103,,1
fM4U990gtvk,Cum Town - Ep. 78 - We couldn't get ian,Eternal Podcasts,2023-06-25T12:00:33Z,31025,224.0,https://youtu.be/fM4U990gtvk,78,,1
sqblXw6JWEA,Cum Town - Ep. 68 - Tech Savior,Eternal Podcasts,2023-06-14T12:00:50Z,30777,303.0,https://youtu.be/sqblXw6JWEA,68,,1
5IAbrg4umH8,Jeff Goldblum on Family Feud | AI C*mtown,Crumb Town,2025-01-23T17:54:29Z,30769,475.0,https://youtu.be/5IAbrg4umH8,,,0
5X_wYIL3RDw,Cum Town | The Nu Metal Collection,theknobking,2025-05-20T12:26:40Z,30760,589.0,https://youtu.be/5X_wYIL3RDw,,,0
WGP4ZETp63s,Cum Town - Ep. 99 - Comb Town,Eternal Podcasts,2023-07-25T12:00:26Z,30749,266.0,https://youtu.be/WGP4ZETp63s,99,,1
lzdm5m9u0ac,Cumtown - Best of Ad Reads,RosebudDelicious,2024-10-16T05:07:30Z,30461,460.0,https://youtu.be/lzdm5m9u0ac,,,0
Lx0gU9ZwsnU,Cum Town - Wrestling,Mac Sessions,2016-12-28T01:51:06Z,30412,330.0,https://youtu.be/Lx0gU9ZwsnU,,,0
q2zv6ZA59To,Nick and Stav's hilarious batman bit - CumTown,MSSPDailyDose,2024-07-05T21:10:08Z,30281,250.0,https://youtu.be/q2zv6ZA59To,,,0
iayQK8eqAWU,Cum Town - Ep. 36 - Goatee Era Seagal,Eternal Podcasts,2023-05-01T12:00:37Z,30197,286.0,https://youtu.be/iayQK8eqAWU,36,,1
TQElU9qORng,Cumtown | 183 | Woon Honda,Uncle Merchant ,2025-04-15T16:15:04Z,30160,198.0,https://youtu.be/TQElU9qORng,,183,1
4UWBsPMh_aU,Jussie Smollett x Derek Chauvin Double Feature | Cumtown,PodcastHallofFame,2024-05-17T23:48:50Z,29615,312.0,https://youtu.be/4UWBsPMh_aU,,1;2,2
bM3xt2ue_6A,Cumtown | Ep  202   Joris Bohnson,Bit Prospector,2024-09-04T04:25:19Z,29546,260.0,https://youtu.be/bM3xt2ue_6A,202,,1
d_o_2MqCfdQ,Dustin Hofmann as “Brain man” - cumtown,BlubberTown,2024-03-04T12:32:42Z,29439,392.0,https://youtu.be/d_o_2MqCfdQ,,,0
Uddm2svE-hM,Stav & The Thousand Island Stare | CMTOWN,Crumb Town,2025-09-08T14:42:22Z,29342,593.0,https://youtu.be/Uddm2svE-hM,,,0
DByPoQrnCVI,Cumtown  Derek Chauvin speaks chinese (reupload),Oostende Production,2024-02-08T03:56:06Z,29282,711.0,https://youtu.be/DByPoQrnCVI,,,0
JzSvYINOyys,Cumtown Seersucker Suit Episodes - 69.9 FM The Bust,69.9 FM The Bust,2025-08-05T03:56:09Z,29242,157.0,https://youtu.be/JzSvYINOyys,,,0
tTKxuRv64LY,Cum town - Hollywood sign,Pieceofshit Jones,2017-05-13T11:08:23Z,29044,316.0,https://youtu.be/tTKxuRv64LY,,,0
gm4VWSPB4vo,Cumtown | Ep  200   Serendipity,Bit Prospector,2024-09-04T04:19:09Z,28984,349.0,https://youtu.be/gm4VWSPB4vo,200,,1
F1WlUwT784g,CumTown: The Nuttiest Professor ,Gardner,2025-10-19T07:00:27Z,28966,566.0,https://youtu.be/F1WlUwT784g,220,,1
f27kyyYv_vo,The Entire Matrix Series Rewritten by Nick Mullen | CTown Compilation,CUM TOWN,2025-12-23T11:01:19Z,28869,153.0,https://youtu.be/f27kyyYv_vo,,,0
gokLADw4u2w,CumTown - Stav's HANGRY Breakfast Sandwich Episode,MIKE HOCK,2025-02-01T13:01:01Z,28811,202.0,https://youtu.be/gokLADw4u2w,,,0
11GYGzXWEMc,Cumtown | 201 | there it do,Uncle Merchant ,2025-03-16T02:24:58Z,28445,232.0,https://youtu.be/11GYGzXWEMc,,201,1
01Gv8Fpu59c,Hilarious cumtown ad reads pt.1 - CTOWN,MSSPDailyDose,2024-06-26T22:52:09Z,28342,176.0,https://youtu.be/01Gv8Fpu59c,,,0
ETPhWeAxQys,Cumtown - Nick Mullen as Molestrios (Full Saga),Ted Lannister,2024-04-17T04:05:04Z,28174,652.0,https://youtu.be/ETPhWeAxQys,,,0
7MNgRtnLmF4,Cumtown | 204 | somebody once told me,Uncle Merchant ,2025-03-14T03:37:06Z,28162,286.0,https://youtu.be/7MNgRtnLmF4,,204,1
5VfSKDTdHDc,Cruisin' Joe List w/ Mark Norman | Cumtown,PodcastHallofFame,2024-06-14T16:00:04Z,28047,341.0,https://youtu.be/5VfSKDTdHDc,,,0
zCY5I90jemQ,Nick Mullen The Bit Prospector,Sgt. Popper,2025-06-23T14:30:56Z,28034,534.0,https://youtu.be/zCY5I90jemQ,,,0
woMAl-czmvc,Liam Neeson Compilation | Cumtown,PodcastHallofFame,2024-05-27T22:21:04Z,27830,377.0,https://youtu.be/woMAl-czmvc,,,0
q6dpVoHG00w,Cumtown | 186 | Can u paint with all the  colors of my a**,Uncle Merchant ,2025-04-12T15:15:04Z,27501,193.0,https://youtu.be/q6dpVoHG00w,,186,1
xW-jBP7Mgp4,Nick Mullen on The Master,James Whale Bake Sale,2024-12-07T18:56:25Z,27050,689.0,https://youtu.be/xW-jBP7Mgp4,,,0
xaVE43oYMkw,Cumtown - LCD Soundsystem,Cmsr. Gordon,2025-11-15T18:43:44Z,27036,562.0,https://youtu.be/xaVE43oYMkw,,,0
ifkJaUl2e2Y,Nick Mullen on  Alec Baldwin | The Best of Nick Mullen,Cum Town Archive,2025-12-03T16:01:15Z,26269,392.0,https://youtu.be/ifkJaUl2e2Y,,,0
QBSqGzvEySM,cum town: christopher columbus/camming native americans,weez,2017-10-12T19:03:48Z,26155,391.0,https://youtu.be/QBSqGzvEySM,73,,1
zEq9zH-RbSo,cmtown - indian twitter beef,Elagabalus,2024-05-28T03:32:55Z,25908,707.0,https://youtu.be/zEq9zH-RbSo,,259,1
-sUOR6BryPc,Cumtown Extra   Rap #327   Strive to be Better with Nick Mullen and Tim Dillon,Bit Prospector,2024-09-09T05:09:52Z,25781,248.0,https://youtu.be/-sUOR6BryPc,327,,1
KE6ML-PoOhM,Dan Soder - Sleepy Boys | Cumtown Throwback,Cum Town Archive,2025-08-23T16:00:27Z,25726,369.0,https://youtu.be/KE6ML-PoOhM,3,,1
JrIdB5smaxA,Matt McCusker Neuralink for Women 😂 #mattmccusker #standupcomedy #cumtown #shanegillis #mssp,DawgzCast,2025-11-20T06:00:18Z,25673,247.0,https://youtu.be/JrIdB5smaxA,,,0
ugFWFbgEpnQ,Stav Explains Why He Got Fat,PodcastArcade,2026-04-03T03:01:00Z,25578,458.0,https://youtu.be/ugFWFbgEpnQ,24,,1
gEHJGvtAID8,Cumtown | 198 | i can way for president,Uncle Merchant ,2025-03-18T04:51:39Z,25521,158.0,https://youtu.be/gEHJGvtAID8,,198,1
XbbLv_lySo0,Cumtown Extra   RAP #179   V Dog w Nick Mullen & Tim Dillon,Bit Prospector,2024-09-09T05:06:44Z,24938,200.0,https://youtu.be/XbbLv_lySo0,179,,1
OncflGX7rQE,Cumtown | 195 | hope u bought a bunch for bullsh**,Uncle Merchant ,2025-03-21T04:36:36Z,24797,173.0,https://youtu.be/OncflGX7rQE,,195,1
x_y_D1sDJ7s,CumTown - Michael McDonald,MIKE HOCK,2025-04-09T21:21:25Z,24643,525.0,https://youtu.be/x_y_D1sDJ7s,,,0
GzvxPBg76q8,Cum Town - Kids TV Shows and Adaptations,Mac Sessions,2016-12-31T19:40:09Z,24582,231.0,https://youtu.be/GzvxPBg76q8,,,0
gWKAd3WYfHI,Cum Town - Italian American History,durbeyfield,2017-01-21T07:03:54Z,24498,380.0,https://youtu.be/gWKAd3WYfHI,,,0
DckzXKyxIDQ,Cum Town - The Perfect Society,I'm Not Even,2017-10-17T22:52:42Z,24427,280.0,https://youtu.be/DckzXKyxIDQ,,,0
WV6Q0yiQ3zA,Nick Mullen Loses It At Suck Moredickus,Sgt. Popper,2025-07-30T07:58:01Z,24347,490.0,https://youtu.be/WV6Q0yiQ3zA,,,0
FXiHTOIVevo,Tom Myers Message to Cumtown,JCxVONxDOOM,2024-07-22T04:13:14Z,24257,,https://youtu.be/FXiHTOIVevo,,,0
0tj2R0d1JQA,CumTown - Star Wars,MIKE HOCK,2025-09-06T22:10:00Z,24241,280.0,https://youtu.be/0tj2R0d1JQA,,,0
HtpPeDH8tVo,Star Wars - CMTOWN Reaction ,Frankenstein's Lab,2026-01-17T23:56:57Z,24048,943.0,https://youtu.be/HtpPeDH8tVo,,,0
tLel9l-oClM,Cum Town - Jewish Yoda and Molestrios,Crackle In Time,2017-12-01T18:52:13Z,23572,397.0,https://youtu.be/tLel9l-oClM,,,0
Yz1LIO5hJWU,Nick Mullen Vs. Adam Friedland | The Best of Nick Mullen,Cum Town Archive,2025-11-02T17:30:12Z,23393,402.0,https://youtu.be/Yz1LIO5hJWU,,,0
CGx66RWE8AY,Cumtown | 197 | cream,Uncle Merchant ,2025-03-19T08:21:03Z,23246,230.0,https://youtu.be/CGx66RWE8AY,,197,1
FDRm3NdjhbE,Nick Mullen at His Funniest… These Cumtown Bits Go WAY Too Far 😳/ Cumtown Best Of,Sketch Comedy CTown,2026-03-12T19:00:25Z,23218,162.0,https://youtu.be/FDRm3NdjhbE,,,0
VBY5kszoTt4,The Rice President | Cumtown Classics,Cum Town Archive,2025-03-10T15:00:39Z,23139,482.0,https://youtu.be/VBY5kszoTt4,,,0
Hjb_imMPU9I,Dan Soder / Nick Mullen - Jason Statham and Transporter,JCxVONxDOOM,2024-12-17T20:16:17Z,22839,300.0,https://youtu.be/Hjb_imMPU9I,,,0
XP5-7_zZb_I,cumtown: gay 14 year old bill clinton,Jonathan Thames,2017-09-10T19:15:39Z,22827,351.0,https://youtu.be/XP5-7_zZb_I,,,0
s3j97zCVP0E,Cumtown | 208 | oliver beene laden,Uncle Merchant ,2025-03-12T01:30:55Z,22753,188.0,https://youtu.be/s3j97zCVP0E,,208,1
OU64iGFph-Y,CumTown - Periscope #3,Come Town,2016-12-31T21:34:00Z,22588,300.0,https://youtu.be/OU64iGFph-Y,3,,1
wKJSk7_SWKA,Cum Town - Day Laborer,Bheemoth,2017-11-30T06:25:18Z,22314,299.0,https://youtu.be/wKJSk7_SWKA,,,0
jSTdAq_n5P4,Nick Mullen is David Colby in San Frangelico,Ted Lannister,2024-03-13T05:20:37Z,22271,287.0,https://youtu.be/jSTdAq_n5P4,,,0
joyWBw3ra58,Speak a 'lil chinese for 'em Derek | Cumtown #cumtown #nickmullen #comedy,Uncle Merchant ,2025-03-18T07:27:19Z,22193,583.0,https://youtu.be/joyWBw3ra58,,,0
2y5MccZ4Jso,Cumtown | 229 | its dave call me,Uncle Merchant ,2025-02-23T09:35:40Z,22077,139.0,https://youtu.be/2y5MccZ4Jso,,229,1
2uNgWQoaJNI,The Scanner - Cumtown,DoxyDoo,2024-05-25T12:03:33Z,21801,841.0,https://youtu.be/2uNgWQoaJNI,,,0
_kgfoxyPCwE,gay tucker carlson - cumtown podcast,cumtown clips,2024-11-02T19:16:50Z,21744,438.0,https://youtu.be/_kgfoxyPCwE,,,0
YXLD3CDSmuU,Cumtown Radio 21 (69.9 FM The Bust),69.9 FM The Bust,2025-08-17T15:34:55Z,21541,128.0,https://youtu.be/YXLD3CDSmuU,,,0
Zh8Vu983pis,Cumtown | 191 | Landslide,Uncle Merchant ,2025-03-27T16:15:03Z,21483,140.0,https://youtu.be/Zh8Vu983pis,,191,1
QiqZk_KkiG8,Cum Town - Simpsons Impressions,george donahue,2017-05-03T19:44:43Z,21478,332.0,https://youtu.be/QiqZk_KkiG8,,,0
-CzmNw7CLxw,Cumtown | 188 | Everybody sick,Uncle Merchant ,2025-04-05T16:15:01Z,21436,136.0,https://youtu.be/-CzmNw7CLxw,,188,1
VERwuV90ngc,Cumtown | 194 | Switcheroo,Uncle Merchant ,2025-03-22T16:17:15Z,21358,143.0,https://youtu.be/VERwuV90ngc,,194,1
O6-fnNQX5io,Cumtown | 221 | buy macaws,Uncle Merchant ,2025-02-27T02:33:00Z,21124,210.0,https://youtu.be/O6-fnNQX5io,,221,1
vGSCnzjExGU,CumTown - Alec Baldwin,MIKE HOCK,2025-01-22T14:01:11Z,21005,257.0,https://youtu.be/vGSCnzjExGU,,,0
VT9v2YYwGZ0,The Boys' Favorite Foods | CMTOWN,Sara,2026-02-03T06:08:05Z,20942,205.0,https://youtu.be/VT9v2YYwGZ0,74,,1
n986yUbLGhk,Nick Mullen Is So Done | Ctown Compilation,Cumtown Compilation,2026-03-13T10:01:19Z,20812,268.0,https://youtu.be/n986yUbLGhk,,,0
yEgotneeKA8,Cumtown | 222 | (p)ride the lightning,Uncle Merchant ,2025-02-26T10:20:49Z,20758,152.0,https://youtu.be/yEgotneeKA8,,222,1
08HWzlG_Vyo,Nick Mullen on Dan Nainan - C Town,Pod Town,2024-04-21T20:00:00Z,20580,175.0,https://youtu.be/08HWzlG_Vyo,,,0
pz4UUjg49tA,Cumtown Extra   Matt and Shane's Secret Podcast   Does China Rule w Nick Mullen,Bit Prospector,2024-09-04T04:58:12Z,20313,280.0,https://youtu.be/pz4UUjg49tA,,,0
6b8NbpAAv1U,Cumtown | 189 | C'mon tuck me,Uncle Merchant ,2025-04-03T16:15:00Z,20281,186.0,https://youtu.be/6b8NbpAAv1U,,189,1
yLIQK1b8foU,Cumtown | 190 | Bust-time,Uncle Merchant ,2025-04-01T17:31:43Z,20261,148.0,https://youtu.be/yLIQK1b8foU,,190,1
XEGUeuN9pW8,Cum Town | Rob Zombie,kidpresentable,2016-12-15T17:50:29Z,20187,383.0,https://youtu.be/XEGUeuN9pW8,,,0
7PX_Nsvey-o,CumTown - Periscope #2,Come Town,2016-12-31T21:33:22Z,20145,276.0,https://youtu.be/7PX_Nsvey-o,2,,1
UIFLMD0kR20,Cumtown | 214 | three things about me,Uncle Merchant ,2025-03-02T07:25:51Z,20070,167.0,https://youtu.be/UIFLMD0kR20,,214,1
OoD96-agX8o,Sesame Hood | CMTOWN,Sara,2026-03-17T02:44:59Z,20016,293.0,https://youtu.be/OoD96-agX8o,,,0
BfcH3ZiNvyg,Cumtown | 203 | bi kidz bop,Uncle Merchant ,2025-03-15T01:46:03Z,19950,139.0,https://youtu.be/BfcH3ZiNvyg,,203,1
bqeh776G9AQ,Cumtown | 193 | Gimme Head,Uncle Merchant ,2025-03-23T16:00:41Z,19880,134.0,https://youtu.be/bqeh776G9AQ,,193,1
T_KiPbw__ZY,"CumTown - Bam Margera, Jackass",MIKE HOCK,2025-01-01T14:00:24Z,19661,148.0,https://youtu.be/T_KiPbw__ZY,,,0
XmteRB8BfU4,Cumtown | 213 | lovers and friends,Uncle Merchant ,2025-03-02T07:45:54Z,19629,149.0,https://youtu.be/XmteRB8BfU4,,213,1
BL3Kri5v1WQ,Cumtown | 215 | dillidsd,Uncle Merchant ,2025-03-02T07:17:35Z,19174,113.0,https://youtu.be/BL3Kri5v1WQ,,215,1
7_j5__tPtzs,Cumtown | 211 | carl language,Uncle Merchant ,2025-03-07T04:37:56Z,19133,145.0,https://youtu.be/7_j5__tPtzs,,211,1
6LS3KPHNu0E,Cum Town - French Characters,pwnage.exe,2017-10-26T11:20:35Z,18992,264.0,https://youtu.be/6LS3KPHNu0E,4,,1
BwIAJCTUZcc,Cumtown | 184 | Still thinking about Michael Clayton,Uncle Merchant ,2025-04-14T16:15:01Z,18866,123.0,https://youtu.be/BwIAJCTUZcc,,184,1
LPkuGDvGJgU,Cumtown | 196 | peppermint bark,Uncle Merchant ,2025-03-20T02:29:44Z,18756,122.0,https://youtu.be/LPkuGDvGJgU,,196,1
jsQz65gz254,Cumtown | 187 | Countdown to the Suckocalypse,Uncle Merchant ,2025-04-07T16:15:05Z,18734,191.0,https://youtu.be/jsQz65gz254,,187,1
4qOWcsawugc,Cum Town - the perfect broad,gamergurl420,2017-05-22T04:34:57Z,18723,193.0,https://youtu.be/4qOWcsawugc,,,0
tkH7iPvMP7Y,Cum Town - Monster Trucks,J,2017-08-01T03:58:58Z,18704,384.0,https://youtu.be/tkH7iPvMP7Y,62,,1
VZnf6luWmow,Cumtown | 206 | buy $tesla,Uncle Merchant ,2025-03-12T02:24:17Z,18666,137.0,https://youtu.be/VZnf6luWmow,,206,1
26GhvQI0Yoc,Cum Town | Jewish Buddhists,kidpresentable,2017-01-27T16:51:22Z,17841,209.0,https://youtu.be/26GhvQI0Yoc,,,0
VkArUzCNrao,Cumtown | 212 | a tale as old as time,Uncle Merchant ,2025-03-07T04:25:36Z,17706,138.0,https://youtu.be/VkArUzCNrao,,212,1
iWEA340_t1s,Cumtown | 227 | trailers for sale or rent,Uncle Merchant ,2025-02-25T03:18:07Z,17687,124.0,https://youtu.be/iWEA340_t1s,,227,1
gDn3C0-w1zg,Cumtown | 207 | gay trading,Uncle Merchant ,2025-03-12T01:32:36Z,17681,143.0,https://youtu.be/gDn3C0-w1zg,,207,1
_vLwBjfhtUo,bonus 185 -  Cum Town Premium 5/24/2020,The CTown Podcast Archive,2024-05-20T22:20:25Z,17457,231.0,https://youtu.be/_vLwBjfhtUo,,5;185,2
WK6S5-Z6EQw,Nick Mullen Gets SMACKED Over Sugar Ray Impression,Cum Town Archive,2025-03-21T15:00:51Z,17407,406.0,https://youtu.be/WK6S5-Z6EQw,,,0
BM6Fs8xhvms,Nick Mullen Hotline: Miriam Webster's Fugue State Fiasco,CreamiumClips,2025-09-19T05:44:57Z,17355,317.0,https://youtu.be/BM6Fs8xhvms,,102,1
PHk8NhFPQlQ,Cum Town: Gorilla Penises,Rhiannon Krausz,2017-03-03T05:51:04Z,17319,41.0,https://youtu.be/PHk8NhFPQlQ,,,0
jIIB6aaFg60,Best of Stavros' Hypotheticals - Cúmtown,PodcastHallofFame,2024-04-28T10:00:04Z,17145,232.0,https://youtu.be/jIIB6aaFg60,,,0
ZoiTZYSNilQ,Nick Mullen Breaks Stavros 😭 | Cumtown,Sketch Comedy CTown,2026-04-04T20:49:06Z,17020,174.0,https://youtu.be/ZoiTZYSNilQ,,,0
3hhKjUQn7bM,Cum Town - Korean Spider,based,2017-09-23T04:29:33Z,16669,423.0,https://youtu.be/3hhKjUQn7bM,70,,1
IWtGd03F5gM,bonus 189 - Hi my name is Nestor Buttcheeks,The CTown Podcast Archive,2024-05-21T20:37:18Z,16633,115.0,https://youtu.be/IWtGd03F5gM,,189,1
wd-FKqfLvLg,Adam Friedland on Cum Town and the birth of The Adam Friedland Show,PABLO TORRE FINDS OUT,2025-08-15T17:01:55Z,16575,515.0,https://youtu.be/wd-FKqfLvLg,,,0
2jMK5Xn8WSQ,Cumtown | 209 | cwomo,Uncle Merchant ,2025-03-08T01:03:58Z,16483,114.0,https://youtu.be/2jMK5Xn8WSQ,,209,1
y7-3Pbw0V6c,cum town - the stork,Alpha Male Irony Hole,2016-11-28T04:31:54Z,16383,107.0,https://youtu.be/y7-3Pbw0V6c,,8,1
8J0KGRhLYpQ,Cumtown - Eric Claptop - If I Could Change the World (Adam's family edition),Faux Title,2024-07-30T16:22:12Z,16350,435.0,https://youtu.be/8J0KGRhLYpQ,254,,1
3TaSdxtCWTw,Cumtown | 205 | the ***ic schoolbus,Uncle Merchant ,2025-03-14T03:35:19Z,16336,101.0,https://youtu.be/3TaSdxtCWTw,,205,1
VMWB_GwEE6g,Nick Mullen’s Darkest Jokes That Still Kill/ New Cumtown,CTown Podcast ,2026-02-06T00:00:37Z,16180,119.0,https://youtu.be/VMWB_GwEE6g,,,0
LJn9sbpBOsQ,Cumtown | Ep  204   DLC,Bit Prospector,2024-09-04T04:26:37Z,16127,175.0,https://youtu.be/LJn9sbpBOsQ,204,,1
AXzO_zYbMoE,Was that too much? Was that too far?,Cumtown to Ghost Town ,2026-04-05T11:30:14Z,16118,295.0,https://youtu.be/AXzO_zYbMoE,,,0
BFj5qgc_P4Q,"CumTown - Fake Doctor, Dr. Love of Florida",MIKE HOCK,2025-01-20T14:00:20Z,16051,169.0,https://youtu.be/BFj5qgc_P4Q,,,0
JShvx0M2-RU,Cumtown | 226 | n defundance day,Uncle Merchant ,2025-02-25T03:58:18Z,15672,139.0,https://youtu.be/JShvx0M2-RU,,226,1
0yAovbBBGvI,Cumtown | 220 | RIP richard kind,Uncle Merchant ,2025-02-27T02:42:18Z,15521,131.0,https://youtu.be/0yAovbBBGvI,,220,1
qSd8eMXuPyI,Nick Mullen Has a Strong Opinion | CTown Compilation,Cumtown Compilation,2026-03-15T22:00:48Z,15499,247.0,https://youtu.be/qSd8eMXuPyI,,,0
igd_OKU1O4M,Nick Mullen - This Is Peak Delusion | CTown Compilation,Cumtown Compilation,2026-04-30T21:00:44Z,15410,166.0,https://youtu.be/igd_OKU1O4M,,,0
b_0njNO0PG0,How to Stop Caring About Anything - By Nicole Mullen #cumtown #TAFS #nickmullen,TheDarkLibraryProject,2024-01-05T20:00:13Z,15179,527.0,https://youtu.be/b_0njNO0PG0,,,0
0S8RrfmpOxQ,This Nick Mullen Bit Gets WORSE Every Second 😳 (Stavros Loses It),Sketch Comedy CTown,2026-04-02T02:00:03Z,15049,201.0,https://youtu.be/0S8RrfmpOxQ,,,0
oYJfHYpiYs0,CumTown Premium Ep 247 - bird man (11/28/21),Jon Play Some Games,2025-05-03T01:06:36Z,15019,122.0,https://youtu.be/oYJfHYpiYs0,,247,1
jMCVj3wHVak,Nick Mullen Explains Inflation | Ctown Compilation,Cumtown Compilation,2026-03-14T22:00:45Z,14901,204.0,https://youtu.be/jMCVj3wHVak,,,0
JSo2SQ8Azno,Bonus 187   Cum Town Premium 5 17 2020,Bit Prospector,2024-09-03T23:33:18Z,14490,156.0,https://youtu.be/JSo2SQ8Azno,,5;187,2
y5rBtB04eNI,The Vox Saga,Town Manager,2025-05-12T13:45:06Z,14429,253.0,https://youtu.be/y5rBtB04eNI,58;75,,2
SG8y3sphpug,Cumtown Classics Marky Marking up Charie Bronson's Dress,Chief DoubleDown,2024-07-10T07:28:53Z,14419,337.0,https://youtu.be/SG8y3sphpug,12,,1
ACy_r6A4LwU,Nick Mullen on Alec Baldwin | The Best of Nick Mullen,CumTown SOPRANOS,2026-01-14T02:00:12Z,14227,155.0,https://youtu.be/ACy_r6A4LwU,,,0
87NIs8FVXK0,Cumtown | 192 | Kaseem actually,Uncle Merchant ,2025-03-26T16:15:00Z,14194,79.0,https://youtu.be/87NIs8FVXK0,,192,1
i2Sk3gzy-n0,Nick Mullen/ The Funniest Cumtown Moments Ever/ Cumtown Best Of,Sketch Comedy CTown,2026-03-18T03:21:51Z,14125,144.0,https://youtu.be/i2Sk3gzy-n0,,,0
AQ4FTObdZI4,80's Rappers and Soundboard Shenanigans - Cmtown Highlights,Sgt. Popper,2025-07-18T01:00:18Z,13983,234.0,https://youtu.be/AQ4FTObdZI4,,162,1
S7xYnlNV9zk,Cum Town - Gio is Gay,a guy,2017-11-11T18:13:45Z,13928,276.0,https://youtu.be/S7xYnlNV9zk,,,0
bn39WcuzcyE,CUM TOWN: Riding the Bus with My Sister,Next Stop Cum Town,2017-06-18T05:09:39Z,13902,148.0,https://youtu.be/bn39WcuzcyE,56,,1
L--crcmf4f0,Nick Mullen Spitballs Seinfeld Improvement Ideas CumTown CTown Bleep,Drew Freudenberger,2026-02-05T10:51:05Z,13868,364.0,https://youtu.be/L--crcmf4f0,,,0
Eyb7bGV_sJY,CumTown The Problem With Tigger - Stavros Halkias & Nick Mullen TAFS,C-Town,2025-04-05T17:00:20Z,13783,189.0,https://youtu.be/Eyb7bGV_sJY,,,0
LC2SFbTtX_E,Cumtown | 210 | nola bunny,Uncle Merchant ,2025-03-08T00:56:09Z,13779,103.0,https://youtu.be/LC2SFbTtX_E,,210,1
Sq7NyCNnpgI,Bonus 188   Cum Town Premium 5 24 2020,Bit Prospector,2024-09-03T23:33:32Z,13707,175.0,https://youtu.be/Sq7NyCNnpgI,,5;188,2
k6rfAHuK8oc,Cum Town - hot air balloon massacre,J,2017-05-14T18:13:32Z,13495,188.0,https://youtu.be/k6rfAHuK8oc,,,0
ihgk7qJLbQU,cum town: steve jobs,weez,2016-12-01T18:45:21Z,13192,145.0,https://youtu.be/ihgk7qJLbQU,,,0
9bhARvPnAow,Bonus 257 - shown up - My Favorite Episode of Cum Town,buglealgae,2024-07-07T01:26:10Z,13189,323.0,https://youtu.be/9bhARvPnAow,,254;257,2
SuAYmYLp5rA,Whose Dad would Win?,PodcastArcade,2025-07-13T18:00:06Z,12983,275.0,https://youtu.be/SuAYmYLp5rA,,,0
dzSn3f86fDY,Cum Town: Boyschat,Rhiannon Krausz,2017-02-01T09:04:27Z,12839,101.0,https://youtu.be/dzSn3f86fDY,,,0
ka4Zs-b9H6c,How Cumtown Saved Ryley Walker's Life | The Adam Friedland Show,TAFS Clips,2024-03-24T14:00:38Z,12782,187.0,https://youtu.be/ka4Zs-b9H6c,,,0
oEW99v-8CEE,Cum Town - twitter retard controversy,chipsraffertic,2017-12-28T10:12:58Z,12776,145.0,https://youtu.be/oEW99v-8CEE,6,,1
uEsz-drQO4E,Cumtown Extra   MSSP   Minority Report w Nick Mullen,Bit Prospector,2024-09-05T04:20:49Z,12756,188.0,https://youtu.be/uEsz-drQO4E,,,0
epR8Au145sI,"The ""Billy Bees Steak"" Bit - Classic Cumtown Bits Baby",Sgt. Popper,2025-08-28T04:14:03Z,12715,161.0,https://youtu.be/epR8Au145sI,,,0
VQLvXdhKbyI,Nick Mullen Runs Into the Worst Guy Possible | CTown Compilation,CumTown SOPRANOS,2026-01-01T02:00:38Z,12714,75.0,https://youtu.be/VQLvXdhKbyI,,,0
o4u35_Tvtyw,Cum Town- Local News Reporter (they're calling it...),Newporter Smoke,2024-07-19T03:20:13Z,12684,206.0,https://youtu.be/o4u35_Tvtyw,,,0
ITXIve0-J9E,The Holodeck Episodes | Cumtown,PodcastHallofFame,2024-05-15T20:41:25Z,12601,139.0,https://youtu.be/ITXIve0-J9E,,,0
N5eIC0zRsdc,Nick Mullen Got Himself Into This… Bad Idea | CTown Compilation,Cumtown Compilation,2026-04-27T21:00:19Z,12439,89.0,https://youtu.be/N5eIC0zRsdc,,,0
2XqPn8kSw3o,Nick Mullen Thinks He’s the Boss 😂 | CTown Compilation,Cumtown Compilation,2026-03-31T19:00:01Z,12334,165.0,https://youtu.be/2XqPn8kSw3o,,,0
1lRGMKdmphw,Bonus 185   Cum Town Premium 5 3 2020,Bit Prospector,2024-09-03T23:32:53Z,12276,121.0,https://youtu.be/1lRGMKdmphw,,5;185,2
ogKG65iJAIA,Cumtown-  Adam's Many Boyfriends,Newporter Smoke,2024-06-24T02:30:35Z,12269,113.0,https://youtu.be/ogKG65iJAIA,,,0
2VZdy7_dQeQ,bonus 191 -  Almost there now,The CTown Podcast Archive,2024-07-17T18:00:01Z,12044,136.0,https://youtu.be/2VZdy7_dQeQ,,191,1
7ynSI1thW4s,Cumtown - Rare Great Adam Stories,RosebudDelicious,2024-10-16T20:29:08Z,12016,186.0,https://youtu.be/7ynSI1thW4s,,189;277;278,3
FjVUinXT7aQ,cum town: stephen hawking,weez,2016-12-08T18:45:39Z,11953,179.0,https://youtu.be/FjVUinXT7aQ,,,0
nphoHp2gFHI,Seth Dickfield Says Goodbye - Cum Town (Nick Mullen),Happy Hour,2017-08-12T02:25:01Z,11911,224.0,https://youtu.be/nphoHp2gFHI,8,,1
2vzU2TlyC0Y,cum town: make-a-wish,weez,2016-12-01T19:21:30Z,11840,183.0,https://youtu.be/2vzU2TlyC0Y,,,0
cmADfqCDCA8,Make The Coffee,Town Manager,2025-05-12T23:15:04Z,11608,258.0,https://youtu.be/cmADfqCDCA8,240,,1
JtMFz_bbVVY,Nick Mullen’s Funniest Moments 😭 (Stavros Loses It),Cumtown Jokes,2026-04-21T02:43:44Z,11465,119.0,https://youtu.be/JtMFz_bbVVY,,,0
uJVi9Ztble8,"Cum Town - Christian Bale, Dick Cheney, Philip Seymour Hoffman, Steve Bannon",Bennington Quibbits,2017-12-04T05:05:11Z,11393,116.0,https://youtu.be/uJVi9Ztble8,,60,1
z_IYnPZSzD8,Cumtown | Bonus 189   Dudes Persist,Bit Prospector,2024-09-03T23:33:46Z,11373,143.0,https://youtu.be/z_IYnPZSzD8,,189,1
mwot4U99cfU,Cumtown | Ep  210   Regis and Kathy,Bit Prospector,2024-09-04T04:27:54Z,11201,137.0,https://youtu.be/mwot4U99cfU,210,,1
mw3AZYm3bZI,CumTown: John Cena And Chris Kyle,Tony 2Hoofs,2017-07-21T01:20:59Z,11050,127.0,https://youtu.be/mw3AZYm3bZI,61,,1
5ud9QsC6-Bs,Cumtown - Busting Cowboy (tafs),JCxVONxDOOM,2024-06-08T04:56:43Z,10954,193.0,https://youtu.be/5ud9QsC6-Bs,,,0
K2KQHbOYA2o,The Boys Riff on Seinfeld - CMTOWN ANIMATED,Grant Chudler,2025-04-12T00:36:21Z,10923,757.0,https://youtu.be/K2KQHbOYA2o,,,0
9BISrMRAV7A,Nick Mullen - Funniest CTOMW Moment Ever 😂 | CTown Compilation,CumTown Premium,2026-04-13T02:00:09Z,10892,89.0,https://youtu.be/9BISrMRAV7A,,,0
PV2ForcXZBQ,CumTown - Conair,MIKE HOCK,2025-02-02T12:30:17Z,10831,56.0,https://youtu.be/PV2ForcXZBQ,,,0
JBPQmKXTt9g,Cumtown Episodes For Eating Corn The Long Way (69.9 FM The Bust),69.9 FM The Bust,2025-09-12T11:27:08Z,10814,78.0,https://youtu.be/JBPQmKXTt9g,,,0
VXBQg7knQJQ,Downald Trump | CMTOWN,Sara,2026-02-12T23:40:33Z,10769,131.0,https://youtu.be/VXBQg7knQJQ,,,0
zTRh1_h37zw,Bam Margera's Breakdown as Told by Nick | CTown Compilation,CT Laugh,2026-04-23T11:01:36Z,10533,230.0,https://youtu.be/zTRh1_h37zw,,,0
45pUEIXfqJ0,Bonus 186   Cum Town Premium 5 10 2020,Bit Prospector,2024-09-03T23:33:06Z,10524,112.0,https://youtu.be/45pUEIXfqJ0,,5;186,2
QjY5wGWZtH4,CumTown Farewell (3/3/25),Jon Play Some Games,2025-03-03T23:22:37Z,10208,284.0,https://youtu.be/QjY5wGWZtH4,,,0
jUYLVBwC3TM,Cumtown Episodes That Amplify Black Voices,Gum Town,2025-03-18T08:56:09Z,10090,164.0,https://youtu.be/jUYLVBwC3TM,,,0
wgg5-h-KWBE,Cum Town Ep. 74 - Goodluck Jonathan,azpodforce,2017-11-08T04:16:53Z,10028,202.0,https://youtu.be/wgg5-h-KWBE,74,,1
yippQEeN5CI,"""This is the fucking I-told-you-so moment"": SNL writer firing is not a precedent",W H,2017-01-26T10:29:43Z,10025,85.0,https://youtu.be/yippQEeN5CI,37,,1
kPC9Zdpv75I,CumTown Premium Ep 234 - vaers the beef (8/29/21),Jon Play Some Games,2025-05-03T14:53:38Z,9893,103.0,https://youtu.be/kPC9Zdpv75I,,234,1
WqmdQDbkprg,Cum town - Cake,J,2017-04-02T04:10:35Z,9755,172.0,https://youtu.be/WqmdQDbkprg,42,,1
4qqTCaaNvB0,Nick Mullen’s Comedy Makes You Look Around/ Cumtown Best Of,Sketch Comedy CTown,2026-03-05T22:15:06Z,9653,141.0,https://youtu.be/4qqTCaaNvB0,,,0
ye-YK9AwGFs,Cumtown/TAFS - Arthur Theme song Bit,JCxVONxDOOM,2024-02-27T04:23:46Z,9626,256.0,https://youtu.be/ye-YK9AwGFs,,,0
D0cGPl0t2MI,"This Joke Got WAY Out of Hand 😳 (Nick Mullen Doesn’t Stop, Stavros Loses It) | Cumtown",Sketch Comedy CTown,2026-04-21T01:53:28Z,9624,161.0,https://youtu.be/D0cGPl0t2MI,,,0
5N88bzslkvo,Nick Mullen Stand-Up That Feels Too Honest/ Cumtown Best Of,Sketch Comedy CTown,2026-03-11T02:00:04Z,9578,93.0,https://youtu.be/5N88bzslkvo,,,0
V7FO5OK9tyY,Cumtown | 185 | Group text,Uncle Merchant ,2025-04-13T16:15:04Z,9555,65.0,https://youtu.be/V7FO5OK9tyY,,185,1
vh5OLGoNhoY,Cum Town - Specific Direct Threat,Exploderize,2017-09-28T18:39:37Z,9474,193.0,https://youtu.be/vh5OLGoNhoY,30,,1
uZHYWhzyuOs,cum town: gynecology,weez,2017-02-02T22:46:30Z,9465,88.0,https://youtu.be/uZHYWhzyuOs,,,0
-Kix1PEPEh4,Nick Mullen- hilarious Blue Chew ad / Jason Statham/ Rod Stewart/ Stavros Halkias/ Pokémon,SHODOHC,2024-08-31T01:09:01Z,9346,117.0,https://youtu.be/-Kix1PEPEh4,,,0
4ny-cJVxBKY,Cumtown Extra   The Gavin Mcinnes Show w Nick Mullen,Bit Prospector,2024-09-04T04:59:35Z,9341,94.0,https://youtu.be/4ny-cJVxBKY,,,0
yHHi-atbSXo,Cumtown Podcast - Stavros Can’t Stop Laughing at Nick Mullen 😂 | CTown Compilation,Cumtown Compilation,2026-04-06T22:01:09Z,9261,147.0,https://youtu.be/yHHi-atbSXo,,,0
wZaRTnZU0eE,CumTown - Costco Sample Etiquette Debate,MIKE HOCK,2025-02-04T15:15:04Z,9198,65.0,https://youtu.be/wZaRTnZU0eE,,,0
jlfn3F7AnFA,CumTown - Jordan Peterson,MIKE HOCK,2024-12-19T02:07:08Z,9189,92.0,https://youtu.be/jlfn3F7AnFA,,,0
ch9upbuXfOI,"Nick Mullen Can’t Believe This "" GAY "" | Ctown Compilation",Cumtown Compilation,2026-03-13T21:00:42Z,9189,196.0,https://youtu.be/ch9upbuXfOI,,,0
bGnEd4Ai4O8,Cum Town Premium The Animated Series 018: New Year New Me,The Animated Series,2025-11-01T21:00:43Z,9169,75.0,https://youtu.be/bGnEd4Ai4O8,,,0
yeduQvZpPjw,"Nick, Stavros & Adam Just Losing It | Ctown Compilation",Cumtown Compilation,2026-03-12T09:01:28Z,9150,163.0,https://youtu.be/yeduQvZpPjw,,,0
x3fgC06w0Qg,Stav gets roids | CMTOWN,Sara,2026-02-12T22:16:39Z,9140,73.0,https://youtu.be/x3fgC06w0Qg,,,0
koJ3ufhCC_Y,Being Rude is Basically The Holocaust | AI Cumtown,Crumb Town,2025-03-23T17:13:40Z,9133,184.0,https://youtu.be/koJ3ufhCC_Y,,,0
VMPVik_98sQ,Late Night and Boomers - C Town,Pod Town,2024-02-11T21:00:20Z,9061,60.0,https://youtu.be/VMPVik_98sQ,,,0
qjv1mldaP8o,Cumtown Episodes To Play While Putting Your Legs Behind Your Head,Gum Town,2025-04-10T03:56:44Z,9038,104.0,https://youtu.be/qjv1mldaP8o,,,0
zB6tiZE3dBQ,Cum Town -  Autotuned Young King Dave,andosson,2017-08-08T13:15:24Z,8967,138.0,https://youtu.be/zB6tiZE3dBQ,,,0
Yv6Muo_spaA,Nick Mullen & Adam Friedland Said Something Crazy Here | CTown Compilation,Cumtown Compilation,2026-04-14T10:01:03Z,8919,152.0,https://youtu.be/Yv6Muo_spaA,,,0
-CMfH063zkE,cum town: pride,Qwobias,2016-10-05T05:12:13Z,8718,76.0,https://youtu.be/-CMfH063zkE,,,0
d73ihJLmE6w,Cum Town Premium The Animated Series 004: Peanut M&Ms,The Animated Series,2024-01-01T21:00:13Z,8703,82.0,https://youtu.be/d73ihJLmE6w,,,0
4lc6uL_4VSw,Nanette 2 Douglas- CUMTOWN,Cumtown to Ghost Town ,2026-04-27T11:00:17Z,8680,136.0,https://youtu.be/4lc6uL_4VSw,,,0
ymw91AJW7DQ,Cum Town - Ghost In The Shell,pwnage.exe,2017-10-26T11:37:28Z,8616,214.0,https://youtu.be/ymw91AJW7DQ,7,,1
rPktfw8XT5Q,cum town: skin spray,weez,2017-02-02T22:29:16Z,8584,112.0,https://youtu.be/rPktfw8XT5Q,,,0
yQvkMQePdRw,Stavvy's Missing Tooth | CMTOWN,Sara,2026-02-11T00:15:58Z,8472,44.0,https://youtu.be/yQvkMQePdRw,,,0
RrcXtJ-PdRA,Nick's son Ronaldo Fink Mullen,RosebudDelicious,2024-10-16T06:15:41Z,8325,208.0,https://youtu.be/RrcXtJ-PdRA,,,0
DmjUr-_KX3c,Cumtown Extra   Ari Shaffir's Septic Tank   Tenement w Nick Mullen,Bit Prospector,2024-09-09T05:06:00Z,8242,68.0,https://youtu.be/DmjUr-_KX3c,,,0
3dFujepRdVE,Adam is afraid | CMTOWN,Sara,2026-02-14T18:54:55Z,8131,113.0,https://youtu.be/3dFujepRdVE,,,0
T1CVML_DQmg,Nick Mullen is MAD,PodcastArcade,2026-04-07T16:00:46Z,8124,229.0,https://youtu.be/T1CVML_DQmg,24,,1
56S1juJ2CQs,CumTown - Nick Mullen Goes to Costco,DreamToImagine,2024-12-25T00:21:48Z,8086,60.0,https://youtu.be/56S1juJ2CQs,,,0
AfGmt4kMejE,Why Nick Mullen is BANNED from Kill Tony,UNIONGGUY,2026-02-06T16:00:17Z,8067,184.0,https://youtu.be/AfGmt4kMejE,,,0
hBLy1ayBzFk,Nick Mullen has no problem getting over a relationship,Cumtown to Ghost Town ,2026-04-17T11:01:13Z,8017,170.0,https://youtu.be/hBLy1ayBzFk,,,0
UGB6u-RVFv0,Cum Town - Hang gliding,J,2017-07-31T07:01:49Z,7997,171.0,https://youtu.be/UGB6u-RVFv0,62,,1
8nif_GD5ys8,Cumtown: The trial of Derek Chauvin,69.9 FM The Bust,2025-10-10T19:15:31Z,7939,295.0,https://youtu.be/8nif_GD5ys8,,,0
jYTLEQmX-QI,Nick Mullen Explains the Numbers Going Up | Ctown Compilation,Cumtown Compilation,2026-03-04T18:00:57Z,7899,49.0,https://youtu.be/jYTLEQmX-QI,,,0
S9VBN_WIP-4,This Is What Cum Town Looks Like After 3 Beers | CTown Compilation,CumTown SOPRANOS,2026-01-07T02:00:35Z,7896,47.0,https://youtu.be/S9VBN_WIP-4,,,0
z7tEKPD1AV0,CumTown - Chinese Bits,MIKE HOCK,2026-01-28T12:28:20Z,7757,72.0,https://youtu.be/z7tEKPD1AV0,,,0
mXWmFR10vzU,Cumtown Classics Dr. Eviling with the Spectrum,Chief DoubleDown,2024-07-19T17:59:56Z,7735,230.0,https://youtu.be/mXWmFR10vzU,7,,1
segOXSi9MKE,Martin Brando,PodcastArcade,2026-04-26T00:10:00Z,7674,207.0,https://youtu.be/segOXSi9MKE,,6,1
qBIQZzi0vVI,Stav's Fart Cumpilation,Susannah Melvoin,2017-03-10T16:53:26Z,7646,158.0,https://youtu.be/qBIQZzi0vVI,,,0
foJU1560G68,Nick Mullen Won’t Stop… Stavros Is DYING 😭 | Cumtown,Sketch Comedy CTown,2026-04-09T00:00:46Z,7606,154.0,https://youtu.be/foJU1560G68,,,0
JkuNKjx_xf8,Nick Mullen : Stavros Halkias Weird Halloween Story | Ctown Compilation,Cumtown Compilation,2026-03-14T10:00:25Z,7531,154.0,https://youtu.be/JkuNKjx_xf8,,,0
YyZdKs2R1g8,CUMTOWN 2025,The Future Files,2025-11-21T05:58:27Z,7513,593.0,https://youtu.be/YyZdKs2R1g8,,,0
ZWdndrj-wZE,Cum Town | Thomas the Tank Engine / George Carlin,kidpresentable,2016-12-15T17:46:54Z,7505,106.0,https://youtu.be/ZWdndrj-wZE,,,0
G6A_QGiVkM8,CumTown - The Simpsons Cumpilation,MIKE HOCK,2024-12-19T01:18:04Z,7501,98.0,https://youtu.be/G6A_QGiVkM8,,,0
xu7xU95Bxbk,This Nick Mullen Bit Is Completely Unhinged | CTown Compilation,Cumtown Compilation,2026-04-21T22:00:58Z,7389,53.0,https://youtu.be/xu7xU95Bxbk,,,0
KBPJ9fqrI1Q,"CumTown - Day Laborer, Cesar Juan Carlos",MIKE HOCK,2025-02-10T13:00:26Z,7113,75.0,https://youtu.be/KBPJ9fqrI1Q,,,0
vReeWn9YE0Q,Nick Mullen Breaks the Room 😳 (Stavros Can’t Breathe) | Cumtown,Sketch Comedy CTown,2026-04-10T17:28:41Z,7094,102.0,https://youtu.be/vReeWn9YE0Q,,,0
wXYsNjsB84w,Nick Mullen Has NO LIMITS… Stavros Pays the Price 😭 | Cumtown,Sketch Comedy CTown,2026-04-08T17:03:19Z,7056,101.0,https://youtu.be/wXYsNjsB84w,,,0
5v7dBq0KBcQ,CumTown Premium EP 197 - Cream (12/13/20),Jon Play Some Games,2025-03-05T18:46:26Z,7004,81.0,https://youtu.be/5v7dBq0KBcQ,,197,1
emifoxXgzlw,This Nick Mullen Moment Should NOT Exist 😳 (Stavros Loses It) | Cumtown,Sketch Comedy CTown,2026-04-12T17:00:59Z,6913,162.0,https://youtu.be/emifoxXgzlw,,,0
4R3nbK3QciQ,Cumtown Episodes For Finally Getting That Big Demotion You Were Hoping For (69.9 FM The Bust),Gum Town,2025-04-21T02:06:56Z,6889,60.0,https://youtu.be/4R3nbK3QciQ,,,0
TmzDlMtWzo4,CumTown Premium Ep 246 - cabin laden (11/ 21/21),Jon Play Some Games,2025-05-03T01:06:37Z,6777,87.0,https://youtu.be/TmzDlMtWzo4,,246,1
5oXLsuu-WPA,Cumtown - Christmas Album,T.A.F.S,2024-01-01T02:00:43Z,6707,77.0,https://youtu.be/5oXLsuu-WPA,,,0
z5vGztGCtAU,Nick Mullen’s Comedy Keeps Getting Worse 😳 | Cumtown,Cumtown Compilation,2026-03-30T02:00:34Z,6691,220.0,https://youtu.be/z5vGztGCtAU,,,0
-WUeMHiiAE4,Cumtown - Bust House the Reality TV Show,JCxVONxDOOM,2024-04-25T02:13:28Z,6649,107.0,https://youtu.be/-WUeMHiiAE4,,,0
ZluBLSb3HrY,Cumtown - Nick Mullen the Samurai,Fimmy Jallon,2024-08-01T12:51:31Z,6579,136.0,https://youtu.be/ZluBLSb3HrY,,125,1
m4XkjGF5T9M,bonus 187 - Cum Town Premium 6/7/2020,The CTown Podcast Archive,2024-07-12T01:49:03Z,6499,93.0,https://youtu.be/m4XkjGF5T9M,,6;187,2
2Gf-1-62o-w,Nick Mullen Declares Himself The King Of Comedy | CTown Compilation,Cumtown Compilation,2026-04-23T10:00:02Z,6317,44.0,https://youtu.be/2Gf-1-62o-w,,,0
ZMiVBzW0hRU,The Nasty Woman Movement of 2016,PodcastArcade,2026-04-25T16:00:06Z,6316,164.0,https://youtu.be/ZMiVBzW0hRU,,6,1
xKV-w_uo6sc,No one can deny cumtown anymore (69.9 FM The Bust),69.9 FM The Bust,2025-08-08T02:30:14Z,6295,54.0,https://youtu.be/xKV-w_uo6sc,,,0
PwIRVqRxY38,The 2016 Election (Trump vs Hillary) - Part 1: The Circus - Cum Town,Preeminent *** Historian,2024-10-22T09:00:31Z,6197,56.0,https://youtu.be/PwIRVqRxY38,,,0
IdtPY27roGo,Jim & Sam - Nick Mullen Interview (1/27/17),TEFFT PATTERN,2017-01-27T16:06:07Z,6174,49.0,https://youtu.be/IdtPY27roGo,,,0
FRv5IWVmPJ8,Nick Mullen Goes WAY Too Far… Stavros Can’t Stop Laughing 😳 | Cumtown,Sketch Comedy CTown,2026-04-01T12:41:19Z,6168,87.0,https://youtu.be/FRv5IWVmPJ8,,,0
zQF3kICXAmg,CumTown - Eric Clapton,MIKE HOCK,2024-12-29T15:01:09Z,6152,80.0,https://youtu.be/zQF3kICXAmg,,,0
j7kg8GC5jwY,Cum Town - Nick Predicts a Joe Rogan Experience Episode Verbatim,Cute Harajuku Boy,2024-04-02T17:05:43Z,6151,192.0,https://youtu.be/j7kg8GC5jwY,,205,1
ugQHlNKGXj4,Slime Educates Valkyrae on Cumtown,LavaParty,2026-01-16T20:32:47Z,6149,15.0,https://youtu.be/ugQHlNKGXj4,,,0
tAS11ybAsgk,Nick Mullen Goes FULL CHAOS 😳 (Stavros Loses It) | Cumtown,Sketch Comedy CTown,2026-04-14T17:44:30Z,6041,139.0,https://youtu.be/tAS11ybAsgk,,,0
Et4Re2fbozo,This Is Peak Nick Mullen Confidence 😂 | CTown Compilation,Cumtown Compilation,2026-04-30T11:00:21Z,6025,71.0,https://youtu.be/Et4Re2fbozo,,,0
MpxK5Y32VmM,Nick Mullen Spitballs Seinfeld Improvement Ideas CumTown CTown,Drew Freudenberger,2026-02-05T09:56:12Z,5988,141.0,https://youtu.be/MpxK5Y32VmM,,,0
T1lc0t1JNeA,Stavros Can’t Handle Nick Mullen 😳 | Cumtown,Sketch Comedy CTown,2026-04-13T20:27:57Z,5981,146.0,https://youtu.be/T1lc0t1JNeA,,,0
FU54fV2Y2Yk,Cumtown- King of the Hill Compilation,Newporter Smoke,2024-03-11T05:59:00Z,5973,135.0,https://youtu.be/FU54fV2Y2Yk,,,0
EVU8leo1dcg,Dasha Nekrasova & Amber A'Lee Frost - Two Girls Up One Girl Down | Cumtown Throwback,Cum Town Archive,2025-09-25T18:00:13Z,5923,109.0,https://youtu.be/EVU8leo1dcg,,,0
1iF0-NpMGH4,Nigerian Shark Tank | Cumtown,PodcastHallofFame,2024-05-03T08:06:59Z,5790,66.0,https://youtu.be/1iF0-NpMGH4,,,0
Hh22f_rY8KI,Stavros Regrets This Nick Mullen Bit 😳 | Cumtown,Sketch Comedy CTown,2026-04-05T02:00:10Z,5663,108.0,https://youtu.be/Hh22f_rY8KI,,,0
euSfsNFmvCE,The Drake Friedland Connection | CMTOWN,Sara,2026-03-24T04:00:15Z,5629,64.0,https://youtu.be/euSfsNFmvCE,,,0
FoQgv2LzeMA,Cum Town on Maddox vs Dick Masterson 20Million Lawsuit,Número Perdido,2017-11-28T23:07:13Z,5572,84.0,https://youtu.be/FoQgv2LzeMA,,60,1
MDBl4zsPJb4,Sam Morril - The Hill Boys | Cumtown Throwback,Cum Town Archive,2025-10-18T15:21:57Z,5432,97.0,https://youtu.be/MDBl4zsPJb4,,9,1
-_tMpnK9fgU,Nick Mullen Took It TOO FAR… Stavros Halkias Couldn’t Recover 😭,Sketch Comedy CTown,2026-04-03T03:22:31Z,5357,107.0,https://youtu.be/-_tMpnK9fgU,,,0
rT8nwLBF-9Q,CumTown Premium Ep 248 - colder now (12/5/21),Jon Play Some Games,2025-05-03T01:06:36Z,5327,57.0,https://youtu.be/rT8nwLBF-9Q,,248,1
Wa3mNoBjIww,Nick Mullen’s Most Unhinged CTown Moments | CTown Compilation,CumTown SOPRANOS,2026-01-08T02:00:40Z,5243,41.0,https://youtu.be/Wa3mNoBjIww,,,0
wQ6Nu7MJo1c,"Nick Reviews ""Dead Poets Society"" (1989)",PodcastArcade,2026-04-04T16:01:20Z,5237,167.0,https://youtu.be/wQ6Nu7MJo1c,,,0
o9i_yboqP6g,Nick Mullen’s Comedy Without a Safety Net/ Cumtown Best Of,Sketch Comedy CTown,2026-03-07T18:05:39Z,5105,164.0,https://youtu.be/o9i_yboqP6g,,,0
XNR3WoC_h-Q,Nick Mullen Makes a Bad Decision  | CTown Compilation,Cumtown Compilation,2026-04-07T22:00:37Z,5084,126.0,https://youtu.be/XNR3WoC_h-Q,,,0
EWVnxIdfYL8,Cumtown talks Hitler - Cumtown,Watermelon Cat,2025-10-15T08:59:57Z,5038,49.0,https://youtu.be/EWVnxIdfYL8,230,,1
t8YMyf8DFtU,NICK MULLEN IS WILD 🤩 | #comedy #cumtown #theadamfreidlandshow,podmedy,2026-01-28T22:02:12Z,5017,37.0,https://youtu.be/t8YMyf8DFtU,,,0
0n-VH3mgidI,Nick Mullen Breaks Stavros While Adam Gets Bullied 😂 | CTown Compilation,Cumtown Compilation,2026-04-07T10:00:02Z,4987,103.0,https://youtu.be/0n-VH3mgidI,,,0
u3y2cg6txSg,Cum Town - The Perfect Crime,ITzEPiiC,2017-08-31T23:11:01Z,4969,64.0,https://youtu.be/u3y2cg6txSg,,,0
flT3MbLznvw,Intellectually Disabled Voice Mega Compilation - Cumtown,Mr. Talksomeish,2025-10-05T17:27:28Z,4903,105.0,https://youtu.be/flT3MbLznvw,2,,1
XBQynvUQY34,CumTown Premium Ep 249 - a day of infamy (12/12/21),Jon Play Some Games,2025-05-03T01:06:36Z,4842,38.0,https://youtu.be/XBQynvUQY34,,249,1
G_E4ocXYjJI,Nick & Adam Roast Stavros | CTown Compilation,Cumtown Compilation,2026-03-24T22:00:30Z,4802,105.0,https://youtu.be/G_E4ocXYjJI,,,0
kGAc55V1RU4,"cumtown- boys discuss Olympics, the MAN DeLorean/ office perno Nick Mullen Stavros halkias & NO adam",SHODOHC,2024-08-22T00:22:53Z,4794,71.0,https://youtu.be/kGAc55V1RU4,,,0
U0bwSI1YtSE,robin williams impression,DWK,2017-02-23T23:49:41Z,4784,58.0,https://youtu.be/U0bwSI1YtSE,23,,1
J_qRkVQLcUo,Nick Mullen’s Weirdest Theory Yet | CTown Compilation,Cumtown Compilation,2026-04-16T02:00:24Z,4719,115.0,https://youtu.be/J_qRkVQLcUo,,,0
jHlydVgGAkY,Nick Mullen’s Humor Is Aggressively Honest/ Cumtown Best Of,Sketch Comedy CTown,2026-03-07T03:00:46Z,4561,55.0,https://youtu.be/jHlydVgGAkY,,,0
XGcjh8tR5SI,John Cena doing a Cumtown bit,Mellowbeard,2024-03-14T13:15:56Z,4519,127.0,https://youtu.be/XGcjh8tR5SI,,,0
FESjYr0MzKY,Nick Mullen & Stavros Argue About Iran | CTown Compilation,Cumtown Compilation,2026-04-03T10:00:22Z,4493,117.0,https://youtu.be/FESjYr0MzKY,,,0
vWJJnrcnSUQ,Nick Mullen Goes Places Other Comics Don’t/ Cumtown Best Of,Sketch Comedy CTown,2026-03-09T02:00:53Z,4485,317.0,https://youtu.be/vWJJnrcnSUQ,,,0
fjUMUUdcWKU,Zac Efron Down to Earth- A Cumtown Review,Cumtown to Ghost Town ,2026-04-24T11:01:19Z,4438,37.0,https://youtu.be/fjUMUUdcWKU,,,0
63KSvTOe-ck,CumTown:  Seth DickField and Jihoon's Podcast,Tkyo's Junk Drawer,2025-01-13T08:41:30Z,4425,108.0,https://youtu.be/63KSvTOe-ck,,,0
skBAS-Zz8Ak,CumTown Premium Ep 242 - hdyfghfhgj (10/24/21),Jon Play Some Games,2025-05-04T12:25:13Z,4419,36.0,https://youtu.be/skBAS-Zz8Ak,,242,1
XMfqSX02urU,“Trump on De Niro’s Rant” -Cumtown edition,Trey Clark Theories,2024-02-12T14:57:32Z,4394,63.0,https://youtu.be/XMfqSX02urU,,,0
JctBmCNYrug,The Cumtown Podcast Final Moments,Curry Squirrel,2025-03-05T23:56:23Z,4329,130.0,https://youtu.be/JctBmCNYrug,,,0
MrutJ9DJJ8E,CumTown Indian Smash Mouth - Stavros Halkias & Nick Mullen TAFS,C-Town,2025-07-18T17:00:28Z,4276,89.0,https://youtu.be/MrutJ9DJJ8E,,,0
vatng4t2LJY,Cumtown Ep 140 - BetDSI - Helping the dems,Faux Title,2024-03-21T21:16:35Z,4259,45.0,https://youtu.be/vatng4t2LJY,140,,1
XV9pBi2X6qg,Nick Mullen & Stavros Halkias Have No Plan | CTown Compilation,CumTown SOPRANOS,2026-01-04T19:00:37Z,4241,21.0,https://youtu.be/XV9pBi2X6qg,,,0
triPgBWKLkQ,Nicks Theory On Aliens,PodcastArcade,2026-04-03T17:01:09Z,4171,123.0,https://youtu.be/triPgBWKLkQ,,,0
7iEQvLpf9nA,Shane Gillis’ Algorithm Is WILD 😳 (This Gets Weird)  #nickmullen #adamfriedland #ctownpodcast,CTown Podcast ,2026-05-02T03:00:07Z,4148,26.0,https://youtu.be/7iEQvLpf9nA,,,0
xS5eb-ZXh8Y,Nick Mullen Bits That Spiral Out of Control… 😳,Cumtown Compilation,2026-03-27T22:57:11Z,4094,76.0,https://youtu.be/xS5eb-ZXh8Y,,,0
K7cofN7ILcE,Cum Town-  Nick Speaking Chinese Dialects (Compilation),Newporter Smoke,2024-06-05T21:06:21Z,4090,120.0,https://youtu.be/K7cofN7ILcE,,,0
OU5mxaTGlTw,Nick Mullen’s Comedy That Gets Worse the Longer It Goes/ Cumtown Best Of,Sketch Comedy CTown,2026-03-15T19:00:33Z,4044,45.0,https://youtu.be/OU5mxaTGlTw,,,0
XOQMvWsMado,cum town 61: chinese special olympics,bag wine 69,2017-07-20T08:06:28Z,4027,56.0,https://youtu.be/XOQMvWsMado,61,,1
k7OQcsycGVc,"Nick Mullen, Adam And Stavros In Hollywood | CTown Compilation",Cumtown Compilation,2026-05-01T21:01:00Z,3959,23.0,https://youtu.be/k7OQcsycGVc,,,0
TiIVuoKJsvY,cum town - crazy fingers,bag wine 69,2017-09-05T18:26:26Z,3953,47.0,https://youtu.be/TiIVuoKJsvY,,,0
8bY6Ec30aJM,Nick Mullen Explains How Money Really Works | Ctown Compilation,Cumtown Compilation,2026-03-08T03:00:16Z,3938,29.0,https://youtu.be/8bY6Ec30aJM,,,0
Eb2IeCBYzbE,Adam Friedland & Nick Mullen Go Full Idiot in a Lamborghini 😂 | Cum Town,CumTown SOPRANOS,2026-01-11T03:00:30Z,3933,70.0,https://youtu.be/Eb2IeCBYzbE,,,0
LxAhgVCQJUU,Cum Town - Banality of Evil,quinn,2017-12-03T21:45:55Z,3918,93.0,https://youtu.be/LxAhgVCQJUU,,,0
L4Wbpc_CUF8,Nick Mullen on Thomas Jefferson… This Gets WEIRD 😳 | Cumtown,CTown Podcast ,2026-04-10T01:25:49Z,3834,27.0,https://youtu.be/L4Wbpc_CUF8,,,0
lOQDrT0Ct8A,Cum Town   Bucket of cum,fuzz and timbre,2017-05-05T08:37:04Z,3822,16.0,https://youtu.be/lOQDrT0Ct8A,,,0
1ChmYmwdQ_s,This Nick Mullen Bit Goes TOO FAR 😳 (Stavros Loses It) | Cumtown,Sketch Comedy CTown,2026-04-09T21:58:59Z,3664,113.0,https://youtu.be/1ChmYmwdQ_s,,,0
BH2WVaA3FzQ,Cum Town - Buffalo Wild Wings,prego pasta sauce,2017-12-06T21:20:51Z,3583,39.0,https://youtu.be/BH2WVaA3FzQ,79,,1
kOP5w4eqAuI,Cum Town - Women in STEM,chipsraffertic,2017-12-15T12:07:07Z,3558,49.0,https://youtu.be/kOP5w4eqAuI,,,0
gSBgm6BY9AA,Nick Mullen: Shane Gillis Explains Girl Brain | CTown Compilation,Cumtown Compilation,2026-03-25T22:00:53Z,3541,78.0,https://youtu.be/gSBgm6BY9AA,,,0
cMBLVc1V8n0,Adam's Black Son | CMTOWN,Sara,2026-02-25T06:16:20Z,3482,67.0,https://youtu.be/cMBLVc1V8n0,,,0
qbwPAdXpzt4,Nick Mullen’s Jokes That Catch You Off Guard/ New Cumtown,CTown Podcast ,2026-03-10T03:01:01Z,3467,185.0,https://youtu.be/qbwPAdXpzt4,,,0
MS2LXmYje1U,Cum Town - Charlie Hebdo,pwnage.exe,2017-09-11T13:31:27Z,3421,68.0,https://youtu.be/MS2LXmYje1U,18,,1
JQEP6XkFbBI,Nick Mullen’s Take On America… This Is Weird | CTown Compilation,CumTown Premium,2026-04-22T03:44:49Z,3408,25.0,https://youtu.be/JQEP6XkFbBI,,,0
K17SLJOvVn0,Stavros Halkias Completely Lost It Here | Ctown Compilation,Cumtown Compilation,2026-03-09T03:00:20Z,3389,23.0,https://youtu.be/K17SLJOvVn0,,,0
3ObyG4Fj300,Nick Mullen | This World Cup Moment Felt Off  | CTown Compilation,Cumtown Compilation,2026-04-11T10:00:09Z,3370,126.0,https://youtu.be/3ObyG4Fj300,,,0
fqbF8w7FiEk,How To Run A Successful Podcast,PodcastArcade,2026-04-06T16:01:08Z,3309,95.0,https://youtu.be/fqbF8w7FiEk,,,0
JcEUtd0OOEw,A Day in the Life - Adam Friedland (Cum Town),Jackfirecracker,2017-12-20T18:57:19Z,3173,38.0,https://youtu.be/JcEUtd0OOEw,,,0
02kWRCOKrto,Nick Mullen Starts a Bit… It Goes COMPLETELY Off the Rails 😳,Sketch Comedy CTown,2026-03-28T02:15:44Z,3149,20.0,https://youtu.be/02kWRCOKrto,,,0
W-gspaE6d5M,BARPALI NEWS = BARPALI RE HEBA AUDITORIUM CUM TOWN HALL,BN NEWS KHABAR,2017-10-15T08:06:02Z,3054,17.0,https://youtu.be/W-gspaE6d5M,,,0
Jwp5Yaa6V3I,Cumtown Conflict Radio,69.9 FM The Bust,2026-03-02T11:45:21Z,3028,33.0,https://youtu.be/Jwp5Yaa6V3I,,,0
t-cFqZROlIw,Nick Mullen and The Great American Writers,PodcastArcade,2026-04-20T19:30:26Z,2920,117.0,https://youtu.be/t-cFqZROlIw,,6,1
ghiQnhDWRpU,CUMTOWN | Adam Crashes his Car and Stav Takes Advantage,Cumtown to Ghost Town ,2026-02-27T12:01:20Z,2903,34.0,https://youtu.be/ghiQnhDWRpU,,,0
zL-uaqeb5Pc,Cumtown - Nick & Stavros Immigration & ICE | CTown Compilation,Cumtown Compilation,2026-04-02T10:01:23Z,2833,83.0,https://youtu.be/zL-uaqeb5Pc,,,0
G260Avasog0,Nick Mullen’s Stand-Up That Feels Dangerous/ New Cumtown,CTown Podcast ,2026-03-07T19:00:12Z,2823,133.0,https://youtu.be/G260Avasog0,,,0
CPc77sLTYXs,Nick Mullen Stand-Up That Feels Too Honest/ Cumtown Best Of,Sketch Comedy CTown,2026-03-12T03:00:12Z,2808,28.0,https://youtu.be/CPc77sLTYXs,,,0
Q_KoFvq8Rho,Nick & Adam Think They Look Good… They Don’t | CTown Compilation,Cumtown Compilation,2026-04-29T22:00:36Z,2777,57.0,https://youtu.be/Q_KoFvq8Rho,,,0
6L0_-YNWE2w,This Joke Gets WAY Out of Hand 😳 (Nick Mullen Doesn’t Stop),Sketch Comedy CTown,2026-04-20T16:58:46Z,2691,70.0,https://youtu.be/6L0_-YNWE2w,,,0
cKOxg9nnULA,The Three Musketeers: The Boys' Thoughts on Elon | CMTOWN,Sara,2026-02-06T06:50:58Z,2681,23.0,https://youtu.be/cKOxg9nnULA,,,0
LfF9KFcNfw0,Derby Of The Eternal Enemies ft. Stavros Halkias from Cum Town,The Cooligans,2017-04-14T13:30:01Z,2668,49.0,https://youtu.be/LfF9KFcNfw0,,,0
UaoP90aHKPw,Nick Mullen - CTOMW Just Crossed The Line… | CTown Compilation,CumTown Premium,2026-04-09T19:00:27Z,2667,18.0,https://youtu.be/UaoP90aHKPw,,,0
wddE2p4T6t8,Nick Mullen Enters the Matrix A Weirdly Accurate Parody | CTown Compilation,Cumtown Compilation,2026-03-17T10:01:33Z,2600,87.0,https://youtu.be/wddE2p4T6t8,,,0
kAOTrJJT7Fk,cumtown: adulting like a boss!,Chris Holtz,2017-02-06T12:14:43Z,2559,67.0,https://youtu.be/kAOTrJJT7Fk,,,0
khVcgH7fF6w,Nick Mullen Vs. Adam Friedland | The Best of Nick Mullen,CumTown SOPRANOS,2026-01-16T02:00:50Z,2541,107.0,https://youtu.be/khVcgH7fF6w,,,0
DX5v5G4MVko,Nick Mullen on The Right Wing | The Best of Nick Mullen,CumTown SOPRANOS,2026-01-14T19:00:10Z,2505,119.0,https://youtu.be/DX5v5G4MVko,,,0
qXYit9GxvbA,Cum Town - Chapo Pronunciation and Christmas Party,prego pasta sauce,2017-12-28T04:47:52Z,2464,38.0,https://youtu.be/qXYit9GxvbA,,,0
Vf6RVHIRsUo,Nick Mullen Reviews Tires 😳 (He Goes Too Far) #adamfriedland #nickmullen #ctownpodcast,CTown Podcast ,2026-04-30T00:46:19Z,2451,32.0,https://youtu.be/Vf6RVHIRsUo,,,0
pgAA4vqRea4,The Greatest Cumtown Podcast of All Time with Special Guest Jerry Seinfeld and the Notorious Lawyer,Cumtown to Ghost Town ,2026-03-02T12:01:22Z,2387,31.0,https://youtu.be/pgAA4vqRea4,,,0
yEOkT5t6HCw,Nick Mullen Prank Calls | The Cum Town Archives,Blind Mike Project,2026-02-12T01:00:06Z,2368,93.0,https://youtu.be/yEOkT5t6HCw,,,0
eMyZvEP9ct4,Nick Mullen Went TOO FAR This Time 😳 (Stavros Loses It) | Cumtown,Sketch Comedy CTown,2026-04-14T01:00:42Z,2362,87.0,https://youtu.be/eMyZvEP9ct4,,,0
GGULdtI7yp0,This Joke Should NOT Exist… It Went TOO FAR 😬,Cumtown Jokes,2026-05-01T01:00:16Z,2343,11.0,https://youtu.be/GGULdtI7yp0,,,0
hFwgl4Shz5E,Nick Mullen VS Stavros Halkias — Cum Town Gym Chaos 😂💪 | | CTown Compilation,CumTown SOPRANOS,2026-01-13T02:00:53Z,2342,77.0,https://youtu.be/hFwgl4Shz5E,,,0
cl4SFCDqnHs,Cum Town - Asian pilots,chipsraffertic,2017-11-20T08:11:45Z,2291,21.0,https://youtu.be/cl4SFCDqnHs,,10,1
G-cBmkZxEkE,Nick Mullen Being WAY Too Honest 😳 | Cumtown,Cumtown Compilation,2026-03-29T01:29:03Z,2291,100.0,https://youtu.be/G-cBmkZxEkE,,,0
jVsz2xUoaq0,Nick Mullen’s Jokes That Shouldn’t Be This Funny/ Cumtown Best Of,Sketch Comedy CTown,2026-03-13T03:00:48Z,2258,20.0,https://youtu.be/jVsz2xUoaq0,,,0
KYHZAHG2sJM,Cumtown Podcast - This Went Too Far (Nick Mullen) | CTown Compilation,Cumtown Compilation,2026-04-09T10:00:35Z,2174,111.0,https://youtu.be/KYHZAHG2sJM,,,0
PrKiHpj0TqA,Cum Town - Bourne Erection,ah gh,2017-12-01T00:38:54Z,2138,14.0,https://youtu.be/PrKiHpj0TqA,,,0
aIFzJLtmKrc,Nick Mullen Bombs In The Funniest Way | CTown Compilation,Cumtown Compilation,2026-04-26T10:00:01Z,2064,8.0,https://youtu.be/aIFzJLtmKrc,,,0
B8TO-5mCVbs,cum town 54,snakelama,2017-06-13T03:30:47Z,1991,17.0,https://youtu.be/B8TO-5mCVbs,54,,1
0nIMRHyH6mA,CumTown - Nick Mullen vs Stavros Halkias  | CTown Compilation,Cumtown Compilation,2026-04-17T02:00:01Z,1991,139.0,https://youtu.be/0nIMRHyH6mA,,,0
n6FGZZtJ_fw,New Year Same Cumtown,69.9 FM The Bust,2026-01-02T21:28:23Z,1961,24.0,https://youtu.be/n6FGZZtJ_fw,,,0
NRZebDbaG2U,Dana Carvey shouts out Nick Mullen & Cumtown,69.9 FM The Bust,2026-03-26T20:36:51Z,1949,94.0,https://youtu.be/NRZebDbaG2U,,,0
16_Q9TV-NJU,Nick Mullen Says the Most RIDICULOUS Things 😳 | Cumtown,Cumtown Compilation,2026-03-29T18:00:01Z,1835,107.0,https://youtu.be/16_Q9TV-NJU,,,0
m3UhFeVLLZQ,Stavvy’s World Podcast Highlights | Nick Mullen & Adam Friedland (Cum Town),CumTown SOPRANOS,2026-01-03T19:00:47Z,1779,4.0,https://youtu.be/m3UhFeVLLZQ,,,0
kPArm9haplc,RIP Stavy Baby #stavroshalkias #nickmullen #stavysworld #adamfriedland #tafs,UNIONGGUY,2026-01-11T05:07:36Z,1677,45.0,https://youtu.be/kPArm9haplc,,,0
oQRcNn_Vs-E,Thick water #comedy #podcasts #comedypodcasts #cumtown #nickmullen,Horrible Hang Podcast,2026-04-29T14:17:42Z,1660,16.0,https://youtu.be/oQRcNn_Vs-E,,,0
WJjIc37T9Tw,Gene DiNapoli Joins Cumtown,Cumtown to Ghost Town ,2026-04-09T11:00:48Z,1659,28.0,https://youtu.be/WJjIc37T9Tw,,,0
PUJESlsxls8,Nick Mullen On Israel & Palestine | The Best of Nick Mullen,CumTown SOPRANOS,2026-01-16T02:00:28Z,1656,122.0,https://youtu.be/PUJESlsxls8,,,0
rdKZEwvmQoU,Cmtown episodes for made guys in this thing of ours,69.9 FM The Bust,2026-01-23T11:03:32Z,1646,22.0,https://youtu.be/rdKZEwvmQoU,,,0
atmurXR4gvU,CUMTOWN | Jim from Delorean Toyota,Cumtown to Ghost Town ,2026-03-06T16:34:32Z,1539,23.0,https://youtu.be/atmurXR4gvU,,,0
TvJX_urv5NQ,Nick Mullen changed TV history forever with this revolutionary idea!,ClipsOfComedians,2026-03-31T01:30:43Z,1497,19.0,https://youtu.be/TvJX_urv5NQ,,,0
NfZMF-P3txs,Early Cumtown Episodes Where Adam Still Has Confidence ,69.9 FM The Bust,2026-03-16T05:35:42Z,1450,27.0,https://youtu.be/NfZMF-P3txs,,,0
au1DjArXuII,Cumtown - The Purest Feeling,UNIONGGUY,2026-01-06T23:44:39Z,1400,73.0,https://youtu.be/au1DjArXuII,,,0
xbetst9BTnc,Cumtown Street Beats -- Chia & Sean Full Interviews,Andy McBeer,2026-05-04T03:15:06Z,1387,7.0,https://youtu.be/xbetst9BTnc,,,0
ahHQiQLHUpI,Nick Mullen - This Cum Town Bit Ends BAD | CTown Compilation,Cumtown Compilation,2026-04-28T11:00:03Z,1371,51.0,https://youtu.be/ahHQiQLHUpI,,,0
aGLpyWLKy3Y,CumTown- Nick Mullen Got Bored Again | CTown Compilation,Cumtown Compilation,2026-04-21T10:00:00Z,1366,90.0,https://youtu.be/aGLpyWLKy3Y,,,0
uD_YtkkDz-Q,Nick Mullen Wants Aliens to Meet Stavros First 😳 (He Loses It) | Cumtown,CTown Podcast ,2026-04-15T03:08:08Z,1354,6.0,https://youtu.be/uD_YtkkDz-Q,,,0
DxQKPQMaxpk,Cum Town's name was an unplanned success,Offline with Jon Favreau,2026-02-06T20:00:22Z,1301,58.0,https://youtu.be/DxQKPQMaxpk,,,0
66B_Vpugazw,Nick Mullen’s Comedy You Either Get or Don’t/ New Cumtown,CTown Podcast ,2026-03-10T19:49:42Z,1277,81.0,https://youtu.be/66B_Vpugazw,,,0
J5ItIyIl5lU,Nick Mullen Just Rewrote Physics 😂  #adamfriedland  #podcast  #nickmullen #funny #ctowncompilation,Sketch Comedy CTown,2026-05-06T20:57:19Z,1270,19.0,https://youtu.be/J5ItIyIl5lU,,,0
q-2Y_t846iE,Cumtown | Nick and Stav talk Chinese Mailmen,Cumtown to Ghost Town ,2026-03-07T13:01:24Z,1207,13.0,https://youtu.be/q-2Y_t846iE,,,0
45vpSeXkRHw,Cmtown Episodes That Maduro Was Listening To,69.9 FM The Bust,2026-01-05T06:34:03Z,1193,19.0,https://youtu.be/45vpSeXkRHw,,,0
qmOkdEqbQNc,CumTown - Nick Mullen Is Trending for This  | CTown Compilation,Cumtown Compilation,2026-04-15T18:00:52Z,1169,101.0,https://youtu.be/qmOkdEqbQNc,,,0
RF6JOSlhK4I,Nick Mullen Has a Sketch Idea for Francis Ellis 😳 (This Gets Weird),CTown Podcast ,2026-04-26T01:00:22Z,1156,13.0,https://youtu.be/RF6JOSlhK4I,,,0
vsvRiHe2b5Y,Nick Mullen’s Comedy Has Absolutely NO LIMITS 😳 | Cumtown,Cumtown Compilation,2026-03-30T18:00:47Z,1071,110.0,https://youtu.be/vsvRiHe2b5Y,,,0
IlTdDTbRifA,Tucker Carlson | CUMTOWN,The Cumtown Codex,2026-03-09T07:00:11Z,1047,26.0,https://youtu.be/IlTdDTbRifA,,,0
LUq-bBSvKYo,country music Cumtown- turning point USA halftime show  Nick Mullen ,CvmMetropolis,2026-02-10T20:49:47Z,1021,42.0,https://youtu.be/LUq-bBSvKYo,,,0
RaK1XdDbv4s,Nick Mullen’s Wildest Stories EVER 😳 | Cumtown,Cumtown Compilation,2026-03-29T04:30:10Z,1018,124.0,https://youtu.be/RaK1XdDbv4s,,,0
F14RF0euUfQ,Nick Mullen Breaks Stavros AGAIN 😭 | Cumtown,Sketch Comedy CTown,2026-04-13T00:00:23Z,993,89.0,https://youtu.be/F14RF0euUfQ,,,0
bH_P95vHcfg,Nick Mullen Roasts Everyone for 10 Minutes Straight/ New Cumtown,CTown Podcast ,2026-02-06T18:09:21Z,988,4.0,https://youtu.be/bH_P95vHcfg,,,0
mAzPa0vHXMc,Cumtown Cowboy Magic Radio,69.9 FM The Bust,2026-01-22T23:37:16Z,978,20.0,https://youtu.be/mAzPa0vHXMc,,,0
UhEVRjzGGKU,CumTown - Worst Superhero Ever (Nick Mullen)  | CTown Compilation,Cumtown Compilation,2026-04-25T22:00:24Z,929,8.0,https://youtu.be/UhEVRjzGGKU,,,0
dKOIldulOhA,Nick Mullen Bit That Won’t Stop Getting Worse 😬 | Cumtown,Sketch Comedy CTown,2026-03-24T02:00:25Z,907,12.0,https://youtu.be/dKOIldulOhA,,,0
GZytB1ZcCA0,Nick Mullen Does Not Care and It Shows/ New Cumtown,CTown Podcast ,2026-02-28T01:00:31Z,891,6.0,https://youtu.be/GZytB1ZcCA0,,,0
nczsYc9_1HQ,Cumtown Podcast - What Happened to Nick Mullen 😳 | CTown Compilation,Cumtown Compilation,2026-04-09T03:05:19Z,891,91.0,https://youtu.be/nczsYc9_1HQ,,,0
R7rUsndelqs,CumTown - Worst Cop Ever (Nick Mullen) | CTown Compilation,Cumtown Compilation,2026-04-24T07:50:42Z,890,6.0,https://youtu.be/R7rUsndelqs,,,0
6D-qnQZOzRM,Cumtown Radio - Grand Theft Auto 4 1/9/2026,69.9 FM The Bust,2026-01-10T03:34:25Z,865,13.0,https://youtu.be/6D-qnQZOzRM,,,0
bucr1obNk8k,Cumtown Premium Ep 105 - get head getheadtion (11/4/18),Jon Play Some Games,2026-02-18T14:00:53Z,862,13.0,https://youtu.be/bucr1obNk8k,,105,1
Uh-dDyFp0Oc,Cum Town Pretending To Be Normal | CTown Compilation,CumTown SOPRANOS,2026-01-13T19:00:24Z,836,5.0,https://youtu.be/Uh-dDyFp0Oc,,,0
9I0JP_a88rs,Shane Gillis And Matt McCusker - Shane and Matt | Cumtown Throwback,CumTown SOPRANOS,2026-01-14T19:00:18Z,826,55.0,https://youtu.be/9I0JP_a88rs,,,0
H79SSflKdx8,Nick Mullen:  When The Podcast Turns Into Eiffel 65 Chaos 😂  | CTown Compilation,Cumtown Compilation,2026-04-20T22:00:15Z,816,92.0,https://youtu.be/H79SSflKdx8,,,0
SGJ5FKvj3qg,Cumtown - Blue chew ad (Insane) ,The cum nation,2026-01-27T18:50:53Z,805,7.0,https://youtu.be/SGJ5FKvj3qg,,,0
E9beD_SN_uA,Cum Town Premium The Animated Series 019: Better Late Than Funny,The Animated Series,2026-01-15T21:00:13Z,772,11.0,https://youtu.be/E9beD_SN_uA,,,0
Ri5T7NzROIY,Nick Mullen Stand-Up That Feels Too Honest/ Cumtown Best Of,Sketch Comedy CTown,2026-03-16T03:00:25Z,767,3.0,https://youtu.be/Ri5T7NzROIY,,,0
vgKG4Ih2qPY,Stavros vs Nick Mullen… It Gets BAD 😳 | Cumtown,Sketch Comedy CTown,2026-04-06T00:01:01Z,762,56.0,https://youtu.be/vgKG4Ih2qPY,,,0
SEaTB80WR7s,Cumtown | To Batch a predator,Cumtown to Ghost Town ,2026-03-28T11:00:00Z,723,9.0,https://youtu.be/SEaTB80WR7s,,,0
-THeQwldNik,Nick Mullen: The Cum Town Horsemen… This Is Bad | CTown Compilation,CumTown Premium,2026-05-02T02:00:00Z,720,22.0,https://youtu.be/-THeQwldNik,,,0
JiIqjXd4LrM,Nick Mullen Being Completely Unhinged/ New Cumtown,CTown Podcast ,2026-02-08T00:00:17Z,697,4.0,https://youtu.be/JiIqjXd4LrM,,,0
rtZWSvz7L3o,"Nick Uses Schizophrenia to help the African American, Homeless, and Blind Communities #cumtown",Cumtown to Ghost Town ,2026-03-11T12:01:38Z,685,13.0,https://youtu.be/rtZWSvz7L3o,,,0
WLb6PjXww3k,People Of Iran - Cumtown Bonus Episode 168,Gum Town,2026-03-03T04:44:22Z,676,13.0,https://youtu.be/WLb6PjXww3k,,168,1
zUKbinv8TGA,CumTown,Riles 007,2017-10-12T11:08:39Z,661,5.0,https://youtu.be/zUKbinv8TGA,,,0
_51N2DCf6KQ,Nick Mullen - This Cum Town Bit Crashes HARD | CTown Compilation,CumTown Premium,2026-04-27T19:00:25Z,644,4.0,https://youtu.be/_51N2DCf6KQ,,,0
KEAIrQq8TTc,Cumtown Premium Ep 102 - Movie Guessers (10/7/18),Jon Play Some Games,2026-02-15T02:23:48Z,637,10.0,https://youtu.be/KEAIrQq8TTc,,102,1
0qegXTW-RPw,The Bust Snowed In Cumtown Radio,Gum Town,2026-02-18T06:34:13Z,615,9.0,https://youtu.be/0qegXTW-RPw,,,0
TRXoBW5dePI,Nick Mullen Does Not Care and It Shows/ New Cumtown,CTown Podcast ,2026-02-28T18:00:36Z,612,6.0,https://youtu.be/TRXoBW5dePI,,,0
jj2L2iG59io,"elets KE Goa 2016 - Navin Rai, Joint Chief Architect cum Town Planner, Urban Development...",elets Insights,2016-06-29T04:05:23Z,589,3.0,https://youtu.be/jj2L2iG59io,,,0
p_c4MjarVlg,Cum Town The Animated Series 038: Good Prison vs Bad Prison ft. Felix Biederman,The Animated Series,2026-04-01T20:00:26Z,562,8.0,https://youtu.be/p_c4MjarVlg,,,0
-XhyBgwfY5M,Nick Mullen Roasts Everyone for 10 Minutes Straight/ New Cumtown,CTown Podcast ,2026-02-07T17:00:01Z,550,6.0,https://youtu.be/-XhyBgwfY5M,,,0
RoroGzyHe1Y,CMTOWN - The Nu Metal Collection | Dirty White Ape Reaction,Dirty White Ape,2026-01-16T06:07:29Z,542,26.0,https://youtu.be/RoroGzyHe1Y,,,0
2Z_1XKGIj-A,CMTOWN Reaction – Nick Mullen Roasts Matthew McConaughey’s Greenlights,Dirty White Ape,2026-01-20T21:25:39Z,540,28.0,https://youtu.be/2Z_1XKGIj-A,,,0
wn9QmvKvHfw,Cumtown Ep 104 - Last Exit to Tokyo (10/20/18),Jon Play Some Games,2026-02-16T14:01:25Z,521,10.0,https://youtu.be/wn9QmvKvHfw,104,,1
Y454R4lmr5w,Cumtown- Beyond Belief,Cumtown to Ghost Town ,2026-04-19T11:00:59Z,514,19.0,https://youtu.be/Y454R4lmr5w,,,0
LzEU_r7Shl8,CMTOWN Reaction – Stavros’ Dumbest Moments & Hypotheticals *Part 1*,Dirty White Ape,2026-01-19T19:26:59Z,477,20.0,https://youtu.be/LzEU_r7Shl8,,,0
SE0w1gzHQtw,cumtown - Chris Chan,stupid idiot,2026-01-21T01:16:08Z,447,15.0,https://youtu.be/SE0w1gzHQtw,,,0
_5Mj5K-0QcA,Cum Town - Patreon Money,Exploderize,2017-12-08T01:59:19Z,438,7.0,https://youtu.be/_5Mj5K-0QcA,,14,1
CjquqEFXIIM,Cum Town Premium The Animated Series 020: Black Magic Schoolbus,The Animated Series,2026-02-15T21:00:07Z,430,13.0,https://youtu.be/CjquqEFXIIM,,,0
bl3yqgJ0Wkw,Nick Mullen’s Joke Keeps Getting WORSE… 😳 (Stavros Loses It) | Cum Town,Sketch Comedy CTown,2026-04-22T18:16:49Z,413,26.0,https://youtu.be/bl3yqgJ0Wkw,,,0
O6ooVQox6uw,Nick Mullen’s Jokes That Hit Way Too Close/ New Cumtown,CTown Podcast ,2026-02-25T18:48:12Z,410,4.0,https://youtu.be/O6ooVQox6uw,,,0
k31BWT6DrYE,69.9 FM The Bust Cumtown Radio The #1 Jake Flores Podcast,Gum Town,2026-02-19T11:35:27Z,408,8.0,https://youtu.be/k31BWT6DrYE,1,,1
uxKQ4_FcuaQ,Nick Mullen’s Most UNHINGED Bits 😳 (Stavros Loses It) | Cumtown,Sketch Comedy CTown,2026-04-07T17:01:13Z,400,76.0,https://youtu.be/uxKQ4_FcuaQ,,,0
yBjTB2eFuG4,Reacting to Saul’s CUMTOWN Animated Clips - The Hooters Tantrum,Dirty White Ape,2026-01-09T21:08:40Z,381,35.0,https://youtu.be/yBjTB2eFuG4,,,0
kwKQUHTZ298,I Watched Cumtown Animated: Adam tells one of his best train stories yet,Dirty White Ape,2026-03-09T07:00:12Z,348,14.0,https://youtu.be/kwKQUHTZ298,,,0
OZWzGD5nxtk,Cum Town Premium The Animated Series 021: Cure For Death,The Animated Series,2026-03-15T21:00:32Z,330,9.0,https://youtu.be/OZWzGD5nxtk,,,0
ds2GnfVa6JQ,Nick Mullen’s Joke Keeps Getting WORSE… 😳 (Stavros Loses It) | Cum Town,Sketch Comedy CTown,2026-04-22T02:00:40Z,316,3.0,https://youtu.be/ds2GnfVa6JQ,,,0
xVyBn49qLSs,Cum Town Premium The Animated Series 022: Congratulations to John Elway & the Denver Broncos!,The Animated Series,2026-04-15T20:00:45Z,297,10.0,https://youtu.be/xVyBn49qLSs,,,0
kGM9MDis4lE,69.9 The Bust Cumtown LRAD Compilation ,Gum Town,2026-01-23T11:09:18Z,291,5.0,https://youtu.be/kGM9MDis4lE,,,0
R82RnvdqKyk,Cumtown Barbra Walters Investigates Stevie Wonder and Ray Charles,Cumtown to Ghost Town ,2026-02-15T12:00:50Z,288,8.0,https://youtu.be/R82RnvdqKyk,,,0
YDJSSSym7X8,Cumtown | Billy Joel,Cumtown to Ghost Town ,2026-03-23T11:01:03Z,273,9.0,https://youtu.be/YDJSSSym7X8,,,0
TqOoWJfK9m0,Cumtown - Nick & Stavros on The Vietnam War | CTown Compilation,Cumtown Compilation,2026-04-02T18:47:08Z,266,66.0,https://youtu.be/TqOoWJfK9m0,,,0
3LXcCAelcbY,Cum Town The Animated Series 036: Goatee Era,The Animated Series,2026-02-28T21:00:06Z,262,3.0,https://youtu.be/3LXcCAelcbY,,,0
2QWZ2hE7Gm8,Nick Mullen Stand-Up That Reddit Loves/ New Cumtown,CTown Podcast ,2026-03-07T00:19:15Z,253,72.0,https://youtu.be/2QWZ2hE7Gm8,,,0
xTTQ42m8aTk,Cum Town The Animated Series 037: Goldust Wasn't Gay,The Animated Series,2026-03-01T21:01:03Z,249,7.0,https://youtu.be/xTTQ42m8aTk,,,0
o_GAE50-5us,Cum Town The Animated Series 039: Petey Dat Boi ft  Petey DeAbreu,The Animated Series,2026-05-01T21:00:52Z,232,7.0,https://youtu.be/o_GAE50-5us,,,0
yqi4Ez2Tbn4,Iranian Karaoke | CUMTOWN,Cumtown to Ghost Town ,2026-04-15T11:01:41Z,219,13.0,https://youtu.be/yqi4Ez2Tbn4,,,0
Dj91rQs6SdM,Cumtown - George Floyd,The cum nation,2026-02-15T04:28:51Z,200,6.0,https://youtu.be/Dj91rQs6SdM,,,0
uKD7UTCzj8w,Nick Mullen’s Wildest Podcast Moments/ New Cumtown,CTown Podcast ,2026-03-13T03:01:05Z,198,11.0,https://youtu.be/uKD7UTCzj8w,,,0
pLcvzLiEQ2I,Back to Being Homeless to the Future|||CUMTOWN CLIPS,Cumtown to Ghost Town ,2026-02-14T17:45:12Z,197,6.0,https://youtu.be/pLcvzLiEQ2I,,,0
k8A2QgsPpIE,Cumtown - Niggers come in every color #comedy #adamfriedlandshow #stavroshalkias #nickmullen,The cum nation,2026-02-15T04:27:25Z,185,12.0,https://youtu.be/k8A2QgsPpIE,,,0
6G4DoiyG8oE,The Bust 69.9 FM Cumtown MSSP Getting Beatup In A Sundress Radio,Gum Town,2026-01-17T11:04:36Z,184,5.0,https://youtu.be/6G4DoiyG8oE,,,0
08YrdoCE9eQ,Cumtown- Mad About You featuring Tom Myers,Cumtown to Ghost Town ,2026-02-24T06:00:00Z,182,6.0,https://youtu.be/08YrdoCE9eQ,,,0
gGvJ_7vCTwM,"Chris Titus Star of ""Special Unit""",David Feldman,2017-10-06T08:06:31Z,161,5.0,https://youtu.be/gGvJ_7vCTwM,,,0
-qD6eB6M8b8,Nick Mullen Explains Why a Toyota Beats a DeLorean/ Cumtown,Stand Up Comedy 2026,2026-01-18T17:00:01Z,140,1.0,https://youtu.be/-qD6eB6M8b8,,,0
pmT30gAjo1o,Nick Mullen/ Nick Mullen’s Most Unhinged Cumtown Moments/ New Cumtown,CTown Podcast ,2026-03-12T02:00:49Z,139,1.0,https://youtu.be/pmT30gAjo1o,,,0
4fp04gVBZIg,Kanishka Kindergarten Performance 1  PCF Raod Show cum Town Day - 2011,Easwaramoorthy Rangaswamy,2016-12-06T02:38:07Z,131,2.0,https://youtu.be/4fp04gVBZIg,,,0
350U1AL5zrY,Adam Code Switches,Cumtown to Ghost Town ,2026-02-20T12:00:06Z,114,4.0,https://youtu.be/350U1AL5zrY,,,0
AQo95wkK9os,CumTown Episode 179 - Strike Ass! (31/10/2019),​​​Brad R. Lee,2026-03-18T13:33:25Z,114,1.0,https://youtu.be/AQo95wkK9os,179,,1
mqlo4SJKAXk,"Nick Mullen, Stavros Halkias, Adam Friedland - Fake Noods & Bad News",Skeet City Dawgs,2026-01-29T22:01:01Z,109,2.0,https://youtu.be/mqlo4SJKAXk,,,0
VeG5vE5ZiaY,Nick Mullen Saying Wild Things With Confidence/ New Cumtown,CTown Podcast ,2026-02-21T17:39:55Z,104,1.0,https://youtu.be/VeG5vE5ZiaY,,,0
Zb6nkcWThAg,Nick Mullen’s Joke Keeps Getting WORSE… 😳 (Stavros Loses It) | Cum Town,Sketch Comedy CTown,2026-04-23T23:02:07Z,97,4.0,https://youtu.be/Zb6nkcWThAg,,,0
6Gec6Am6FzM,Nick Mullen Stand-Up That Crosses the Line/ New Cumtown,CTown Podcast ,2026-02-22T17:00:08Z,93,0.0,https://youtu.be/6Gec6Am6FzM,,,0
HOlDqdmu3RI,DJ Gay Flanders Here || CUMTOWN CLIPS,Cumtown to Ghost Town ,2026-02-21T12:00:25Z,89,2.0,https://youtu.be/HOlDqdmu3RI,,,0
IrLRtxZnNOc,Cumtown | Nick has a Drive Out on the Town,Cumtown to Ghost Town ,2026-03-16T11:00:35Z,88,3.0,https://youtu.be/IrLRtxZnNOc,,,0
UJMb0c59uwg,Kanishka Kindergarten Performance 3   PCF Raod Show cum Town Day,Easwaramoorthy Rangaswamy,2016-12-06T02:47:29Z,82,1.0,https://youtu.be/UJMb0c59uwg,,,0
P4IKFdPXNCI,Cumtown | Tourettes,Cumtown to Ghost Town ,2026-03-26T11:00:00Z,70,2.0,https://youtu.be/P4IKFdPXNCI,,,0
fWCMS3UXY-I,CumTown Episode 218 - Just Skip to 16:00 (07/30/2020),​​​Brad R. Lee,2026-03-19T12:48:28Z,63,0.0,https://youtu.be/fWCMS3UXY-I,218,,1
qMQ3vVoyyEs,The Finger Challenge In Cumtown.... Whaat?? (made with Spreaker),Chub and Tuck Productions,2016-12-06T04:31:03Z,38,0.0,https://youtu.be/qMQ3vVoyyEs,,,0
0QIx15FhAUY,Kanishka Kindergarten Performance 2   PCF Raod Show cum Town Day,Easwaramoorthy Rangaswamy,2016-12-06T02:43:16Z,29,0.0,https://youtu.be/0QIx15FhAUY,,,0
4P0Ti--ADMM,Jim & Sam F. Murray Abraham Interview (1/26/17),Angelo Wagner,2017-06-18T23:45:04Z,21,0.0,https://youtu.be/4P0Ti--ADMM,,,0
15eSjZSNGh8,If u cum in my town,Tall Slim,2016-10-24T15:33:29Z,15,1.0,https://youtu.be/15eSjZSNGh8,,,0
